"zip","Avg_Median_Home_Price","Ozone","PM2.5","Parks","Coffeeshops","Restaurants","avg_temperature","avg_precipitation","crime_index","earthquake_index","female_labor","pop_growth_rate","renter_occupied","Poverty_Rate","income","unemployment_rate","Accommodation_and_Food_Services","Administrative_and_Support_and_Waste_Management_and_Remediation_Services","Agriculture._Forestry._Fishing_and_Hunting","Arts._Entertainment._and_Recreation","Construction","Educational_Services","Finance_and_Insurance","Health_Care_and_Social_Assistance","Industries_not_classified","Information","Management_of_Companies_and_Enterprises","Manufacturing","Mining._Quarrying._and_Oil_and_Gas_Extraction","Other_Services_.except_Public_Administration.","Professional._Scientific._and_Technical_Services","Real_Estate_and_Rental_and_Leasing","Retail_Trade","Total_for_all_sectors","Transportation_and_Warehousing","Utilities","Wholesale_Trade"
94002,1255381.85,NA,NA,14,0,40,NA,NA,699,17.94,0.635,0.0283,0.379,5.5,NA,6.1,66,34,0,6,79,17,37,64,1,21,4,26,0,75,118,51,64,697,5,0,29
94005,NA,NA,NA,17,0,40,NA,NA,1262,31.14,0.685,0.1904,0.357,2.6,NA,11.6,15,15,0,2,31,1,4,6,0,8,36,19,1,15,23,7,20,292,30,0,59
94010,1795475.47,NA,NA,1,0,4,56.17083333,24.825,1203,24.39,0.611,0.023,0.494,5.4,163722,5.9,149,120,0,31,143,33,156,220,11,60,10,52,0,161,335,191,170,2116,111,3,160
94011,NA,NA,NA,15,1,40,NA,NA,1203,24.39,0.611,0.023,0.494,NA,NA,NA,1,1,0,1,3,0,2,0,0,0,0,0,0,0,2,3,2,19,3,0,1
94013,NA,NA,NA,0,0,3,55.29166667,20.68,1028,97.97,0.64,-0.0241,0.409,NA,NA,NA,NA,NA,NA,NA,NA,NA,NA,NA,NA,NA,NA,NA,NA,NA,NA,NA,NA,NA,NA,NA,NA
94014,630527.29,NA,NA,14,0,40,NA,NA,1028,97.97,0.64,-0.0241,0.409,9.1,84430,9.1,70,28,0,10,62,6,22,60,0,5,0,13,0,84,35,32,111,572,14,0,20
94015,631681.82,NA,NA,5,0,21,NA,NA,1028,97.97,0.64,-0.0241,0.409,7.6,91548,9.6,96,29,0,11,63,6,55,226,2,16,0,7,0,66,55,31,145,846,22,0,16
94016,NA,NA,NA,11,0,40,NA,NA,1028,97.97,0.64,-0.0241,0.409,NA,NA,NA,0,0,0,0,0,0,0,1,0,0,0,0,0,1,0,0,0,2,0,0,0
94017,NA,NA,NA,25,1,40,NA,NA,1028,97.97,0.64,-0.0241,0.409,NA,NA,NA,1,1,0,0,0,0,0,0,0,1,1,0,0,1,1,0,2,9,1,0,0
94018,NA,NA,NA,6,0,29,54.18333333,29,0,22.69,0.684,-0.0449,0.252,NA,NA,NA,11,7,0,2,16,2,1,6,0,4,0,2,0,0,12,1,4,75,3,0,4
94019,870060.33,NA,NA,1,0,0,54.18333333,29,869,18.57,0.63,-0.0437,0.272,4.9,NA,8.1,61,28,3,10,57,6,16,31,0,6,1,10,0,41,67,18,61,434,4,0,14
94020,NA,NA,NA,1,0,0,55.34166667,40.525,0,19.25,0.72,-0.2324,0.143,1.2,NA,2.6,2,2,0,0,6,0,0,0,0,0,0,1,0,1,4,1,2,20,0,0,1
94021,NA,NA,NA,1,0,0,55.34166667,41.77,0,11.62,0.5,0.8525,0.065,0,NA,0,3,1,0,1,1,0,0,0,0,0,0,0,0,0,1,0,1,8,0,0,0
94022,2877179.41,32,23,5,1,30,55.34166667,40.525,464,17.52,0.488,0.0463,0.145,3.8,NA,5.2,64,38,1,18,36,28,75,71,4,27,6,16,0,69,251,81,85,894,1,1,22
94023,NA,NA,NA,37,1,40,NA,NA,464,17.52,0.488,0.0463,0.145,NA,NA,NA,1,3,0,0,1,0,0,2,1,0,0,0,0,2,0,0,1,12,1,0,0
94024,2480934.29,32,23,2,0,1,NA,39.28,464,17.52,0.488,0.0463,0.145,2,NA,6.9,18,16,1,9,25,18,13,96,2,11,0,12,0,29,111,35,21,433,3,0,13
94025,1561659.09,NA,NA,40,2,40,59.54166667,29.61,NA,NA,NA,NA,NA,6,166324,7,110,87,1,21,88,39,250,171,5,64,15,63,1,106,371,87,114,1666,18,3,52
94026,NA,NA,NA,40,2,40,NA,NA,1040,20.46,0.61,0.0403,0.416,NA,NA,NA,1,4,0,0,0,1,1,1,1,1,0,1,0,3,2,4,1,22,0,0,1
94027,NA,NA,NA,18,2,40,59.45,24.965,1019,25.46,0.359,-0.0389,0.082,4.6,NA,9.6,10,5,0,3,7,9,12,32,3,2,2,2,0,13,41,27,4,174,1,0,1
94028,2434615.38,NA,NA,11,0,40,55.34166667,40.525,NA,NA,NA,NA,NA,2.4,NA,5,10,6,6,8,8,8,16,19,5,3,1,5,0,12,43,21,9,184,1,0,3
94030,1193914.68,NA,NA,3,0,2,58.25833333,26.29,931,30.25,0.567,0.0393,0.35,6.4,NA,5.4,89,18,0,5,57,11,38,53,2,6,0,5,0,42,61,28,50,500,11,0,24
94035,NA,NA,NA,4,0,3,NA,NA,1139,17.93,0.66,0.0475,0.56,NA,NA,NA,1,4,0,0,1,0,0,2,0,2,0,1,0,2,37,1,1,56,2,0,2
94037,NA,NA,NA,4,0,20,56.27083333,30.465,0,27.57,0.713,-0.0139,0.169,0,NA,2.5,5,4,0,1,9,3,3,6,1,2,0,3,0,4,15,3,4,64,1,0,0
94038,NA,NA,NA,0,0,0,56.27083333,30.465,0,23.31,0.62,0.5888,0.288,11.7,NA,3.6,5,6,1,0,6,1,1,5,0,0,1,2,0,3,11,1,2,45,0,0,0
94039,NA,NA,NA,40,5,40,NA,NA,1139,17.93,0.66,0.0475,0.56,NA,NA,NA,0,1,0,1,0,0,0,0,0,0,0,0,0,0,0,1,0,3,0,0,0
94040,1144470.88,NA,NA,31,1,40,NA,NA,NA,NA,NA,NA,NA,8.7,NA,6.3,101,36,0,7,34,24,45,242,3,39,1,19,0,65,185,53,116,999,5,0,24
94041,1279500,NA,NA,40,5,40,60.28333333,14.68,1139,17.93,0.66,0.0475,0.56,8.3,NA,8,74,14,1,3,16,5,18,34,1,41,1,18,0,38,128,21,44,472,2,0,13
94042,NA,NA,NA,40,5,40,NA,NA,1139,17.93,0.66,0.0475,0.56,NA,NA,NA,0,0,0,1,1,1,0,1,0,0,0,0,0,1,1,0,0,8,1,0,1
94043,892116.91,23,5,7,0,21,60.28333333,14.68,1139,17.93,0.66,0.0475,0.56,7.1,NA,8.9,128,74,0,15,67,23,20,49,3,147,8,81,2,82,282,47,69,1186,12,1,76
94044,688859.09,NA,NA,8,0,31,58.35833333,31.93,796,51.48,0.674,-0.0301,0.29,5.4,110795,7.4,72,27,0,10,98,15,26,49,2,7,1,10,0,57,68,27,62,549,7,0,11
94060,NA,NA,NA,0,0,0,NA,NA,0,10.55,0.867,-0.1671,0.477,12.1,NA,10.6,7,1,0,0,6,0,2,1,0,0,0,2,0,2,8,1,10,42,1,0,1
94061,953419.66,NA,NA,12,0,33,59.45,24.965,1378,17.24,0.646,0.0187,0.455,7.3,NA,6.9,44,51,0,8,85,6,31,76,1,9,0,5,0,50,80,32,55,544,3,0,8
94062,1529868.89,NA,NA,1,0,0,59.45,24.965,NA,NA,NA,NA,NA,4.3,NA,5,32,43,6,21,97,14,29,138,6,11,3,11,1,34,123,35,25,650,7,2,12
94063,NA,NA,NA,2,0,10,59.35833333,20.32,1378,17.24,0.646,0.0187,0.455,17.2,NA,11,160,93,1,22,158,19,80,120,1,56,7,101,1,147,224,67,195,1533,22,1,58
94064,NA,NA,NA,40,4,40,NA,NA,1378,17.24,0.646,0.0187,0.455,NA,NA,NA,2,3,0,1,3,0,0,3,0,0,0,0,0,2,3,0,2,20,1,0,0
94065,848307.69,NA,NA,19,1,40,NA,NA,1378,17.24,0.646,0.0187,0.455,3.1,NA,7.7,33,17,1,3,12,8,46,30,2,45,4,5,1,11,143,33,5,420,4,0,17
94066,627084.38,NA,NA,6,0,16,58.25833333,26.29,1125,50.03,0.653,0.0236,0.409,6,97906,7.1,129,49,0,10,77,7,52,111,0,16,38,8,0,111,82,40,142,946,36,0,38
94070,1276082.58,NA,NA,8,0,15,59.35833333,20.32,782,19.16,0.65,0.0248,0.279,4,NA,7.2,113,73,1,23,180,27,50,104,2,22,5,93,0,101,213,65,142,1343,24,0,105
94074,NA,NA,NA,0,0,0,54.30833333,30.78,0,13.26,0,0,0,0,NA,0,1,1,0,0,2,0,0,0,0,0,0,1,0,1,0,0,1,8,0,0,1
94080,659836.36,NA,NA,20,0,40,NA,NA,NA,NA,NA,NA,NA,7.4,92512,8.4,196,125,0,19,145,9,61,188,3,26,29,107,1,133,195,86,177,2090,250,1,339
94083,NA,NA,NA,29,1,40,NA,NA,1230,30.12,0.632,0.0509,0.391,NA,NA,NA,4,1,0,0,2,1,1,1,0,0,0,2,0,1,0,1,1,22,3,0,4
94085,745512.13,32,23,19,2,40,60.28333333,14.68,839,19.2,0.608,0.0632,0.507,9.9,NA,9.5,61,36,0,5,21,13,15,59,1,46,12,71,0,44,271,20,43,794,10,0,66
94086,950729.17,32,23,15,1,40,60.28333333,14.68,839,19.2,0.608,0.0632,0.507,7.8,NA,8,102,28,0,4,40,18,36,97,4,42,6,53,0,62,211,59,74,900,8,0,56
94087,1401611.18,32,23,11,1,39,NA,NA,839,19.2,0.608,0.0632,0.507,5.2,138807,6.5,135,26,0,13,38,40,46,247,9,22,4,10,0,87,208,50,145,1106,8,0,18
94088,NA,NA,NA,2,0,7,NA,NA,839,19.2,0.608,0.0632,0.507,NA,NA,NA,2,1,0,2,2,0,1,1,0,0,1,0,0,1,2,2,2,18,0,0,1
94089,797647.06,NA,NA,9,0,21,NA,NA,839,19.2,0.608,0.0632,0.507,6.8,NA,9.6,53,26,0,15,19,8,7,18,1,44,9,92,0,18,141,27,31,601,12,0,80
94101,NA,NA,NA,0,0,3,NA,NA,2718,5.93,0.642,0.0367,0.572,NA,NA,NA,NA,NA,NA,NA,NA,NA,NA,NA,NA,NA,NA,NA,NA,NA,NA,NA,NA,NA,NA,NA,NA
94102,555750,NA,NA,40,35,40,57.33333333,23.65,2718,5.93,0.642,0.0367,0.572,31.8,NA,8.3,333,77,0,48,22,35,55,214,1,46,24,17,0,168,268,128,216,1702,11,2,37
94103,843154.41,22,9,40,15,40,57.33333333,23.65,2718,5.93,0.642,0.0367,0.572,26.2,NA,8.5,345,81,0,54,99,44,81,167,1,160,11,123,1,280,492,102,507,2770,28,2,192
94104,NA,NA,NA,40,37,40,NA,NA,2718,5.93,0.642,0.0367,0.572,23.7,NA,3.5,90,125,0,20,15,16,407,75,3,93,39,15,2,104,791,156,54,2085,13,0,67
94105,1092249.24,22,9,40,30,40,NA,NA,2718,5.93,0.642,0.0367,0.572,6.1,NA,5.2,162,137,2,22,30,40,325,56,1,219,45,11,0,154,724,121,72,2217,15,6,75
94106,NA,NA,NA,0,0,3,NA,NA,2718,5.93,0.642,0.0367,0.572,NA,NA,NA,NA,NA,NA,NA,NA,NA,NA,NA,NA,NA,NA,NA,NA,NA,NA,NA,NA,NA,NA,NA,NA
94107,931777.27,22,9,40,8,40,60.31666667,20.78,2718,5.93,0.642,0.0367,0.572,8.4,NA,7.1,181,91,0,38,118,33,67,67,6,246,22,101,2,193,708,112,181,2349,35,1,147
94108,NA,NA,NA,40,40,40,NA,NA,2718,5.93,0.642,0.0367,0.572,25.8,NA,9.8,213,74,0,21,32,22,87,240,2,60,13,28,0,178,293,109,326,1750,10,0,42
94109,939562.5,22,9,40,30,40,NA,NA,2718,5.93,0.642,0.0367,0.572,15.9,103037,7,357,51,0,24,30,26,54,238,3,28,7,14,0,222,258,171,185,1724,12,1,43
94110,1131621.23,22,9,40,29,40,NA,NA,2718,5.93,0.642,0.0367,0.572,12.5,109242,7.1,381,78,0,47,126,41,42,193,11,76,6,60,0,159,330,63,257,1939,16,0,53
94111,NA,NA,NA,40,29,40,NA,NA,2718,5.93,0.642,0.0367,0.572,11.4,NA,11.2,183,134,0,25,38,27,505,72,1,127,33,29,1,115,815,204,104,2525,15,3,94
94112,763312.5,22,9,28,3,40,NA,NA,2718,5.93,0.642,0.0367,0.572,10.6,87809,9.9,112,36,0,11,139,11,28,106,3,4,1,14,0,82,69,16,76,752,18,0,26
94114,1439009.12,22,9,40,20,40,57.33333333,23.65,2718,5.93,0.642,0.0367,0.572,6.1,NA,5.7,152,42,0,22,44,16,39,129,6,30,1,11,0,84,208,49,150,995,2,0,10
94115,1235569.95,22,9,40,18,40,NA,NA,2718,5.93,0.642,0.0367,0.572,14.8,131837,5.7,180,36,0,16,23,26,42,314,9,17,4,5,0,112,157,65,156,1190,4,0,24
94116,1030564.41,22,9,11,1,40,55.29166667,20.68,2718,5.93,0.642,0.0367,0.572,9.5,113191,8.5,90,33,0,6,123,22,38,88,3,8,2,12,0,42,72,31,44,644,12,0,18
94117,1251588.24,22,9,40,23,40,57.33333333,23.65,2718,5.93,0.642,0.0367,0.572,11,NA,6.6,157,31,0,16,43,15,21,116,7,25,4,15,0,84,133,52,136,879,7,0,17
94118,1594541.29,22,9,40,5,40,NA,NA,2718,5.93,0.642,0.0367,0.572,10.7,128930,6.7,166,35,0,21,64,29,65,252,5,20,1,20,0,98,166,76,172,1237,6,0,41
94119,NA,NA,NA,40,18,40,NA,NA,2718,5.93,0.642,0.0367,0.572,NA,NA,NA,0,1,0,1,0,0,2,3,0,0,0,0,0,0,2,1,2,13,0,0,1
94120,NA,NA,NA,40,37,40,NA,NA,2718,5.93,0.642,0.0367,0.572,NA,NA,NA,2,1,0,0,0,0,0,1,0,0,0,1,0,0,1,0,1,8,1,0,0
94121,1237601.1,22,9,32,2,40,NA,NA,2718,5.93,0.642,0.0367,0.572,10,102868,8.6,118,22,0,12,76,16,33,93,4,15,1,8,0,53,99,31,70,695,16,0,28
94122,1002017.06,22,9,40,8,40,55.29166667,20.68,2718,5.93,0.642,0.0367,0.572,9.5,100562,6.5,194,30,0,11,134,30,81,142,4,10,1,16,0,83,126,46,112,1051,9,0,22
94123,1980429.05,NA,NA,40,8,40,NA,NA,2718,5.93,0.642,0.0367,0.572,5.8,NA,7.2,190,40,1,33,23,13,70,138,3,19,2,7,0,115,172,93,152,1088,1,0,16
94124,520000,NA,NA,10,1,40,60.31666667,20.78,2718,5.93,0.642,0.0367,0.572,21.7,NA,16.9,64,61,0,11,223,11,8,47,0,29,5,124,1,81,57,53,130,1188,93,0,190
94125,NA,NA,NA,40,34,40,NA,NA,2718,5.93,0.642,0.0367,0.572,NA,NA,NA,3,0,0,0,0,1,0,0,0,0,0,0,0,0,1,0,0,9,4,0,0
94126,NA,NA,NA,40,24,40,NA,NA,2718,5.93,0.642,0.0367,0.572,NA,NA,NA,1,0,0,0,0,0,2,0,0,1,0,1,0,0,0,0,1,6,0,0,0
94127,1246580.88,22,9,21,5,40,55.29166667,20.68,2718,5.93,0.642,0.0367,0.572,3.4,NA,6.3,56,25,0,6,41,15,31,88,3,8,0,4,0,45,87,29,42,493,5,0,8
94128,NA,NA,NA,1,1,40,58.15833333,20.65,2718,5.93,0.642,0.0367,0.572,NA,NA,NA,44,10,0,1,0,3,4,0,0,2,5,0,0,11,3,6,22,174,62,0,1
94129,NA,NA,NA,40,4,40,NA,NA,2718,5.93,0.642,0.0367,0.572,4.4,NA,2,14,12,0,14,5,10,33,15,1,23,1,0,0,52,37,14,10,247,0,2,4
94130,NA,NA,NA,2,0,11,NA,NA,2718,5.93,0.642,0.0367,0.572,27,NA,10.6,2,0,0,2,4,2,0,13,0,1,0,4,0,2,3,0,3,37,0,0,1
94131,1188151.09,22,9,40,5,40,NA,NA,2718,5.93,0.642,0.0367,0.572,5.4,NA,6,34,20,0,8,43,11,9,56,2,15,1,3,0,36,106,13,21,388,5,0,5
94132,625000,NA,NA,10,1,40,55.29166667,20.68,2718,5.93,0.642,0.0367,0.572,17.5,NA,10,55,13,0,10,29,7,24,82,3,4,0,7,0,46,35,14,112,453,6,0,6
94133,NA,NA,NA,40,15,40,NA,NA,2718,5.93,0.642,0.0367,0.572,19.4,90686,9.9,326,44,0,21,24,9,61,96,3,45,7,26,1,114,231,93,259,1422,18,0,44
94134,620930.19,22,9,11,0,40,NA,NA,2718,5.93,0.642,0.0367,0.572,14.2,80800,12.3,42,22,0,4,58,3,14,42,0,2,2,6,0,39,31,8,39,333,9,0,12
94135,NA,NA,NA,11,1,40,NA,NA,2718,5.93,0.642,0.0367,0.572,NA,NA,NA,NA,NA,NA,NA,NA,NA,NA,NA,NA,NA,NA,NA,NA,NA,NA,NA,NA,NA,NA,NA,NA
94136,NA,NA,NA,12,1,40,NA,NA,2718,5.93,0.642,0.0367,0.572,NA,NA,NA,NA,NA,NA,NA,NA,NA,NA,NA,NA,NA,NA,NA,NA,NA,NA,NA,NA,NA,NA,NA,NA
94137,NA,NA,NA,40,37,40,NA,NA,2718,5.93,0.642,0.0367,0.572,NA,NA,NA,0,0,0,0,0,0,0,0,0,0,0,0,0,0,1,0,0,2,0,0,1
94138,NA,NA,NA,40,35,40,NA,NA,2718,5.93,0.642,0.0367,0.572,NA,NA,NA,NA,NA,NA,NA,NA,NA,NA,NA,NA,NA,NA,NA,NA,NA,NA,NA,NA,NA,NA,NA,NA
94139,NA,NA,NA,40,34,40,NA,NA,NA,NA,NA,NA,NA,NA,NA,NA,0,0,0,1,0,0,0,0,0,1,0,0,0,0,2,0,0,4,0,0,0
94140,NA,NA,NA,40,37,40,NA,NA,2718,5.93,0.642,0.0367,0.572,NA,NA,NA,0,0,0,0,1,0,0,0,0,0,0,1,0,0,1,0,0,3,0,0,0
94141,NA,NA,NA,40,17,40,NA,NA,2718,5.93,0.642,0.0367,0.572,NA,NA,NA,1,1,0,0,1,0,0,0,0,0,0,0,0,1,1,0,0,7,0,0,2
94142,NA,NA,NA,40,35,40,NA,NA,2718,5.93,0.642,0.0367,0.572,NA,NA,NA,1,0,0,0,0,0,0,0,0,1,0,0,0,2,0,1,1,8,1,0,1
94143,NA,NA,NA,40,14,40,NA,NA,2718,5.93,0.642,0.0367,0.572,NA,NA,NA,3,1,0,0,0,0,1,4,0,0,0,0,0,2,1,0,2,14,0,0,0
94144,NA,NA,NA,40,34,40,NA,NA,2718,5.93,0.642,0.0367,0.572,NA,NA,NA,0,0,0,0,1,0,0,0,0,0,0,0,0,0,0,0,0,1,0,0,0
94145,NA,NA,NA,40,37,40,NA,NA,2718,5.93,0.642,0.0367,0.572,NA,NA,NA,0,1,0,0,0,0,0,0,0,1,0,0,0,0,0,0,0,2,0,0,0
94146,NA,NA,NA,40,34,40,NA,NA,2718,5.93,0.642,0.0367,0.572,NA,NA,NA,0,0,0,0,0,0,0,0,0,0,0,0,0,2,4,0,0,7,1,0,0
94147,NA,NA,NA,40,34,40,NA,NA,2718,5.93,0.642,0.0367,0.572,NA,NA,NA,0,0,0,0,0,0,1,0,0,0,0,0,0,0,0,0,0,2,1,0,0
94150,NA,NA,NA,40,24,40,NA,NA,2718,5.93,0.642,0.0367,0.572,NA,NA,NA,NA,NA,NA,NA,NA,NA,NA,NA,NA,NA,NA,NA,NA,NA,NA,NA,NA,NA,NA,NA,NA
94151,NA,NA,NA,40,34,40,NA,NA,NA,NA,NA,NA,NA,NA,NA,NA,NA,NA,NA,NA,NA,NA,NA,NA,NA,NA,NA,NA,NA,NA,NA,NA,NA,NA,NA,NA,NA
94152,NA,NA,NA,0,0,3,NA,NA,2718,5.93,0.642,0.0367,0.572,NA,NA,NA,NA,NA,NA,NA,NA,NA,NA,NA,NA,NA,NA,NA,NA,NA,NA,NA,NA,NA,NA,NA,NA
94153,NA,NA,NA,40,34,40,NA,NA,2718,5.93,0.642,0.0367,0.572,NA,NA,NA,NA,NA,NA,NA,NA,NA,NA,NA,NA,NA,NA,NA,NA,NA,NA,NA,NA,NA,NA,NA,NA
94154,NA,NA,NA,40,34,40,NA,NA,2718,5.93,0.642,0.0367,0.572,NA,NA,NA,NA,NA,NA,NA,NA,NA,NA,NA,NA,NA,NA,NA,NA,NA,NA,NA,NA,NA,NA,NA,NA
94155,NA,NA,NA,0,0,3,NA,NA,2718,5.93,0.642,0.0367,0.572,NA,NA,NA,NA,NA,NA,NA,NA,NA,NA,NA,NA,NA,NA,NA,NA,NA,NA,NA,NA,NA,NA,NA,NA
94156,NA,NA,NA,40,34,40,NA,NA,2718,5.93,0.642,0.0367,0.572,NA,NA,NA,NA,NA,NA,NA,NA,NA,NA,NA,NA,NA,NA,NA,NA,NA,NA,NA,NA,NA,NA,NA,NA
94158,1300000,NA,NA,40,12,40,60.31666667,20.78,2718,5.93,0.642,0.0367,0.572,11.5,NA,5.2,10,4,0,1,1,0,5,3,0,4,2,2,0,13,50,5,0,106,3,0,3
94159,NA,NA,NA,40,11,40,NA,NA,2718,5.93,0.642,0.0367,0.572,NA,NA,NA,0,0,0,0,0,0,0,0,0,0,0,0,0,0,0,1,0,1,0,0,0
94160,NA,NA,NA,40,34,40,NA,NA,2718,5.93,0.642,0.0367,0.572,NA,NA,NA,NA,NA,NA,NA,NA,NA,NA,NA,NA,NA,NA,NA,NA,NA,NA,NA,NA,NA,NA,NA,NA
94161,NA,NA,NA,40,34,40,NA,NA,2718,5.93,0.642,0.0367,0.572,NA,NA,NA,NA,NA,NA,NA,NA,NA,NA,NA,NA,NA,NA,NA,NA,NA,NA,NA,NA,NA,NA,NA,NA
94162,NA,NA,NA,40,34,40,NA,NA,2718,5.93,0.642,0.0367,0.572,NA,NA,NA,NA,NA,NA,NA,NA,NA,NA,NA,NA,NA,NA,NA,NA,NA,NA,NA,NA,NA,NA,NA,NA
94163,NA,NA,NA,40,34,40,NA,NA,2718,5.93,0.642,0.0367,0.572,NA,NA,NA,NA,NA,NA,NA,NA,NA,NA,NA,NA,NA,NA,NA,NA,NA,NA,NA,NA,NA,NA,NA,NA
94164,NA,NA,NA,40,29,40,NA,NA,2718,5.93,0.642,0.0367,0.572,NA,NA,NA,2,0,0,0,0,0,0,0,0,0,0,0,0,0,1,0,0,3,0,0,0
94171,NA,NA,NA,40,34,40,NA,NA,2718,5.93,0.642,0.0367,0.572,NA,NA,NA,NA,NA,NA,NA,NA,NA,NA,NA,NA,NA,NA,NA,NA,NA,NA,NA,NA,NA,NA,NA,NA
94172,NA,NA,NA,40,34,40,NA,NA,2718,5.93,0.642,0.0367,0.572,NA,NA,NA,0,0,0,0,0,0,0,0,0,0,0,0,0,0,1,0,0,1,0,0,0
94175,NA,NA,NA,40,40,40,NA,NA,2718,5.93,0.642,0.0367,0.572,NA,NA,NA,NA,NA,NA,NA,NA,NA,NA,NA,NA,NA,NA,NA,NA,NA,NA,NA,NA,NA,NA,NA,NA
94177,NA,NA,NA,40,34,40,NA,NA,2718,5.93,0.642,0.0367,0.572,NA,NA,NA,NA,NA,NA,NA,NA,NA,NA,NA,NA,NA,NA,NA,NA,NA,NA,NA,NA,NA,NA,NA,NA
94188,NA,NA,NA,9,1,25,NA,NA,2718,5.93,0.642,0.0367,0.572,NA,NA,NA,0,0,0,0,1,0,0,0,0,0,0,0,0,0,0,0,0,3,1,0,1
94199,NA,NA,NA,0,0,3,57.33333333,23.65,2718,5.93,0.642,0.0367,0.572,NA,NA,NA,NA,NA,NA,NA,NA,NA,NA,NA,NA,NA,NA,NA,NA,NA,NA,NA,NA,NA,NA,NA,NA
94301,2701666.67,NA,NA,25,6,40,58.45833333,16.15,1001,22.45,0.554,0.0991,0.402,8,NA,5.3,130,46,0,15,36,19,153,151,8,81,25,30,1,73,335,72,108,1313,6,0,24
94302,NA,NA,NA,30,2,40,NA,NA,1001,22.45,0.554,0.0991,0.402,NA,NA,NA,0,0,0,0,0,0,1,1,0,1,0,0,0,1,1,0,0,5,0,0,0
94303,850804.26,NA,NA,9,0,7,58.45833333,16.15,NA,NA,NA,NA,NA,11.8,NA,9.6,39,40,0,15,53,44,39,80,6,32,3,30,0,71,219,60,56,835,15,2,31
94304,NA,NA,NA,2,0,2,59,22.88,1001,22.45,0.554,0.0991,0.402,4.4,NA,2.4,32,12,0,7,6,2,32,67,2,13,4,8,0,13,82,21,101,421,0,0,19
94305,NA,NA,NA,13,2,40,58.45833333,16.15,0,23.13,0.475,0.0371,0.699,17.5,NA,4.2,24,7,0,2,0,9,3,9,0,4,0,1,0,6,13,3,10,101,2,1,7
94306,2107470.93,NA,NA,12,1,26,58.45833333,16.15,1001,22.45,0.554,0.0991,0.402,7.4,NA,5.7,94,31,1,16,27,30,52,147,2,55,3,18,0,78,288,60,71,1003,7,0,23
94309,NA,NA,NA,31,2,40,NA,NA,1001,22.45,0.554,0.0991,0.402,NA,NA,NA,28,0,0,0,0,0,0,0,0,0,0,0,0,0,0,0,0,28,0,0,0
94401,655350,NA,NA,13,0,40,58.15833333,20.65,1188,20.17,0.646,0.0511,0.439,9,NA,10.3,160,45,0,12,62,16,47,267,1,20,8,14,0,114,113,39,100,1051,12,2,19
94402,1343088.4,NA,NA,2,1,10,NA,NA,1188,20.17,0.646,0.0511,0.439,5.1,NA,5,35,70,0,9,67,16,106,106,1,39,4,11,0,69,247,62,62,955,10,0,41
94403,914951.61,NA,NA,14,2,40,NA,NA,1188,20.17,0.646,0.0511,0.439,4.9,118818,5.2,115,72,0,15,67,21,80,113,2,40,13,13,0,100,138,55,196,1093,20,1,32
94404,862418.18,NA,NA,28,1,40,NA,NA,1188,20.17,0.646,0.0511,0.439,5.1,136809,6.4,74,57,0,10,45,18,87,94,1,48,9,11,0,53,224,73,51,949,18,1,75
94497,NA,NA,NA,6,0,21,NA,NA,1188,20.17,0.646,0.0511,0.439,NA,NA,NA,0,0,0,0,0,0,0,0,0,0,0,0,0,1,1,2,0,4,0,0,0
94501,707729.17,24,23,15,2,40,60.31666667,20.78,1297,36.08,0.649,0.0215,0.481,10.9,91509,8.8,201,46,0,28,97,30,75,185,2,28,15,38,0,149,188,79,151,1377,28,2,35
94502,720181.18,NA,NA,8,1,10,58.90416667,20.795,1297,36.08,0.649,0.0215,0.481,4.2,NA,7.2,15,17,0,6,17,8,24,20,1,15,7,10,0,13,51,14,7,262,3,0,34
94503,407076.92,NA,NA,3,0,3,58.0125,24.05,NA,NA,NA,NA,NA,6.2,NA,9.2,32,15,1,6,26,3,10,29,1,2,1,19,0,27,18,14,25,286,33,0,24
94505,455458.33,NA,NA,5,0,18,62.79166667,12.88,0,9.33,0.669,0.4867,0.139,5,NA,11.5,6,7,0,4,31,0,5,5,0,2,1,2,0,7,8,10,6,103,0,1,8
94506,1116466.67,25,16,4,0,2,58.7,25.04,499,60.15,0.553,0.0078,0.165,2.3,NA,5.9,25,25,2,9,33,7,35,38,2,6,2,3,0,21,125,40,42,445,2,0,28
94507,1409216.06,25,16,2,0,4,NA,NA,0,51.84,0.437,-0.0676,0.099,3.1,NA,4.4,25,23,1,8,52,3,38,44,3,7,3,3,1,24,75,47,31,415,5,0,22
94508,NA,NA,NA,0,0,1,59.24722222,39.60333333,0,8.47,0.687,-0.0308,0.469,10.1,NA,5,3,2,2,0,19,1,2,9,1,0,0,10,0,3,5,1,6,70,2,2,2
94509,277591.67,NA,NA,1,0,28,61.5,13.22,2535,19.86,0.584,0.1308,0.328,16.7,64282,14,96,52,0,16,98,11,46,171,1,7,2,20,0,95,59,36,156,907,20,4,17
94510,471791.67,NA,NA,1,0,0,58.425,20.23,NA,NA,NA,NA,NA,6.6,NA,8.3,61,57,1,14,93,8,28,59,0,8,8,67,0,82,97,37,71,813,37,0,85
94511,NA,NA,NA,6,0,12,NA,NA,0,8.96,0.367,-0.0757,0.141,11.6,NA,10.6,6,2,0,7,7,0,0,0,0,1,0,0,0,3,3,6,6,44,1,1,1
94512,NA,NA,NA,0,0,0,NA,NA,NA,NA,NA,NA,NA,0,NA,0,0,0,1,0,0,0,0,0,0,0,0,0,0,0,1,0,1,6,0,3,0
94513,444675,29,16,7,0,40,61.5,13.22,1071,16.51,0.599,1.2093,0.228,5.3,100090,9.6,111,59,1,14,144,15,69,113,2,16,2,20,0,111,94,52,164,1022,15,1,19
94514,NA,NA,NA,0,0,1,62.79166667,12.88,0,14.33,0.477,0.3941,0.444,12.9,NA,8.8,6,8,1,6,26,1,3,0,0,1,0,1,1,5,3,4,7,80,2,0,5
94515,NA,NA,NA,1,0,4,59.7,42.035,959,11.88,0.477,-0.0067,0.364,11.4,NA,2.3,47,10,3,8,24,0,9,16,0,2,2,41,0,18,11,13,42,259,1,0,12
94516,NA,NA,NA,1,0,2,NA,NA,0,89.41,0,0,0,5.7,NA,13.2,1,0,0,0,2,0,0,0,0,0,0,0,0,1,0,0,0,4,0,0,0
94517,656955.2,25,16,1,0,0,58.7,25.04,572,31.92,0.61,0.0125,0.109,3.6,NA,8.5,17,9,1,5,33,0,8,19,1,1,2,2,2,20,19,12,16,176,5,0,4
94518,477383.92,25,16,4,0,14,61.12916667,17.29,1832,49.91,0.628,0.0024,0.363,11.4,NA,10.4,19,28,1,8,88,15,12,65,1,6,1,35,1,41,43,22,24,455,12,1,32
94519,412131.16,25,16,1,0,7,61.12916667,17.29,1832,49.91,0.628,0.0024,0.363,8.3,NA,10.9,22,24,0,4,26,4,14,76,1,0,0,5,0,24,27,11,22,270,1,2,7
94520,331228.47,25,16,1,0,1,60.22777778,18.27,1832,49.91,0.628,0.0024,0.363,18,NA,11,169,122,0,18,141,28,184,198,2,38,20,63,0,172,173,91,327,1896,47,0,103
94521,486908.33,25,16,2,0,28,NA,NA,1832,49.91,0.628,0.0024,0.363,6.7,100363,9.2,46,40,1,11,59,16,28,66,2,6,1,7,0,61,62,21,67,518,9,0,15
94522,NA,NA,NA,5,1,40,NA,NA,1832,49.91,0.628,0.0024,0.363,NA,NA,NA,0,2,0,0,0,0,0,2,0,0,0,0,0,2,1,1,0,9,0,0,1
94523,556725,25,16,8,2,16,60.22777778,18.27,1933,45.81,0.594,0.0096,0.386,7.9,NA,8.3,99,49,0,22,92,27,83,145,1,19,18,16,0,80,139,51,141,1033,16,1,34
94524,NA,NA,NA,6,0,40,NA,NA,1832,49.91,0.628,0.0024,0.363,NA,NA,NA,0,0,0,0,5,0,0,0,0,0,1,1,0,1,3,0,0,11,0,0,0
94525,NA,NA,NA,15,0,40,NA,NA,0,14.74,0.652,-0.0313,0.262,8.4,NA,6.2,5,3,0,1,3,0,3,2,0,0,0,3,0,5,4,1,2,39,4,1,2
94526,899008.33,25,16,5,0,5,58.7,25.04,499,60.15,0.553,0.0078,0.165,4.8,159244,8.2,84,58,0,20,118,21,98,134,5,16,6,9,0,71,162,94,114,1065,5,1,49
94527,NA,NA,NA,6,0,40,58.7,25.04,1832,49.91,0.628,0.0024,0.363,NA,NA,NA,1,0,0,0,0,1,0,0,0,0,0,0,0,0,0,0,0,3,0,0,1
94528,NA,NA,NA,13,0,40,58.7,25.04,0,62.71,0.539,0.1721,0,0,NA,0,0,2,1,1,2,0,1,3,0,0,0,0,0,1,5,3,0,19,0,0,0
94529,NA,NA,NA,26,1,40,NA,NA,NA,NA,NA,NA,NA,NA,NA,NA,0,0,0,0,0,0,1,1,0,0,0,0,0,0,0,0,0,2,0,0,0
94530,699812.09,NA,NA,8,2,29,NA,NA,2583,59.86,0.631,0.0163,0.37,7.3,NA,9,60,23,0,9,37,13,33,75,2,9,0,11,0,51,74,21,67,505,8,0,12
94531,345125,NA,NA,5,0,7,61.5,13.22,2535,19.86,0.584,0.1308,0.328,8.7,NA,11.4,37,32,0,6,42,10,17,75,0,2,1,2,0,26,36,21,59,380,6,0,8
94533,267695.83,NA,NA,5,0,40,60.98333333,24.81,NA,NA,NA,NA,NA,16.1,66077,12.1,147,49,0,18,71,10,57,183,3,21,7,41,0,160,95,62,266,1263,30,2,41
94534,408100,NA,NA,2,0,1,60.30833333,26.26,NA,NA,NA,NA,NA,5.4,NA,6.1,58,36,1,9,62,9,41,82,2,7,4,20,0,39,52,42,54,577,14,0,45
94535,NA,NA,NA,6,0,10,61.72777778,25.05,NA,NA,NA,NA,NA,11.5,NA,10.5,13,5,0,0,1,4,6,5,0,0,0,0,0,7,12,1,8,67,4,0,1
94536,675208.33,23,5,8,1,40,59.65,15.885,1132,27.24,0.591,0.0525,0.34,7.1,105780,8.2,67,45,1,7,70,19,31,147,1,10,2,15,0,122,189,50,75,901,17,0,33
94537,NA,NA,NA,19,0,21,NA,NA,1132,27.24,0.591,0.0525,0.34,NA,NA,NA,3,0,0,0,1,0,3,2,0,0,0,0,0,1,0,1,0,14,1,0,2
94538,604058.33,23,5,7,0,36,59.65,15.885,1132,27.24,0.591,0.0525,0.34,5.9,96706,8.7,215,111,1,19,143,34,125,324,1,47,20,209,1,173,410,99,257,2575,57,0,329
94539,1119166.67,23,5,1,0,5,NA,NA,1132,27.24,0.591,0.0525,0.34,3.5,161689,6.7,85,46,0,12,76,61,55,135,1,30,3,92,0,86,322,100,68,1319,22,0,125
94540,NA,NA,NA,11,0,40,NA,NA,2086,24.94,0.623,0.0297,0.435,NA,NA,NA,2,0,0,0,1,1,0,0,0,0,0,0,0,0,0,1,0,5,0,0,0
94541,414254.17,23,5,4,1,35,58.84166667,18.04,2086,24.94,0.623,0.0297,0.435,14.6,69456,16.4,114,45,0,9,73,19,51,150,2,14,4,21,0,95,107,67,117,945,33,0,24
94542,625000,NA,NA,1,0,0,NA,NA,2086,24.94,0.623,0.0297,0.435,16.9,NA,12.1,8,6,0,1,15,0,2,7,0,0,0,1,0,16,10,8,5,84,3,0,2
94543,NA,NA,NA,14,3,40,NA,NA,2086,24.94,0.623,0.0297,0.435,NA,NA,NA,1,1,0,0,0,0,0,1,0,0,0,0,0,1,1,1,1,7,0,0,0
94544,409227.27,23,5,2,0,25,58.84166667,18.04,2086,24.94,0.623,0.0297,0.435,13,73629,12.8,112,46,0,12,81,15,31,80,3,5,5,89,0,106,51,61,148,1035,51,0,139
94545,439717.19,NA,NA,1,0,2,58.84166667,18.04,2086,24.94,0.623,0.0297,0.435,8.9,NA,13.1,82,62,0,5,161,18,32,96,0,16,14,199,0,99,112,54,172,1588,121,1,344
94546,542908.33,23,5,1,0,3,NA,NA,0,46.06,0.617,0.0715,0.303,7.6,94771,9.6,75,31,0,19,91,14,45,160,2,10,5,7,0,76,78,49,85,772,12,0,13
94547,401680.54,NA,NA,17,0,40,NA,NA,901,21.86,0.668,0.2346,0.226,6.7,NA,8.4,31,8,0,2,9,0,12,39,1,1,3,6,0,15,29,5,17,190,2,0,10
94548,NA,NA,NA,5,0,13,61.5,13.22,0,10.64,0.497,0.8211,0.222,29.6,NA,11.7,1,1,0,0,3,0,0,0,0,1,0,0,0,1,0,0,1,8,0,0,0
94549,1165102.43,25,16,16,2,40,NA,NA,778,40.71,0.525,-6e-04,0.237,3.5,NA,6.5,67,42,1,31,79,28,101,135,4,18,4,17,0,73,235,61,82,1032,7,0,47
94550,653379.17,29,16,2,0,2,60.00416667,15.47,1133,26.42,0.641,0.1039,0.275,4.8,121538,7,123,79,2,24,173,19,65,142,3,12,7,78,0,111,120,71,140,1269,22,4,74
94551,534206.25,29,16,1,0,1,60.00416667,15.47,1133,26.42,0.641,0.1039,0.275,5.8,NA,7.3,69,51,2,13,140,19,25,44,0,21,9,67,0,71,99,32,171,988,22,1,132
94552,753425.34,NA,NA,1,0,1,NA,NA,0,46.06,0.617,0.0715,0.303,2.2,NA,7.7,9,10,0,5,25,4,6,19,1,1,1,1,0,19,28,16,11,168,3,0,9
94553,424229.17,25,16,3,0,2,60.22777778,18.27,NA,NA,NA,NA,NA,8,91098,10.7,92,100,2,11,177,10,45,76,2,11,8,34,0,102,104,64,98,1013,29,1,47
94555,753441.67,23,5,8,0,11,59.65,15.885,1132,27.24,0.591,0.0525,0.34,4.6,NA,6.6,31,15,0,1,20,12,6,51,3,2,1,12,0,21,138,10,21,364,9,0,11
94556,1013653.92,NA,NA,17,3,40,NA,NA,498,51.95,0.492,-0.049,0.149,4.7,NA,5.4,24,15,0,3,22,8,24,23,3,8,1,6,0,27,75,12,23,294,2,0,18
94557,NA,NA,NA,5,0,17,NA,NA,2086,24.94,0.623,0.0297,0.435,NA,NA,NA,0,1,0,0,1,0,0,3,0,0,0,0,0,0,0,0,0,5,0,0,0
94558,489250,26,8,7,1,40,58.77916667,27.685,1312,7.62,0.613,0.0597,0.399,7.9,94271,9.3,108,86,16,15,195,28,74,214,3,23,8,146,0,102,156,94,215,1618,46,0,89
94559,486440.08,NA,NA,3,0,6,58.0125,24.05,1312,7.62,0.613,0.0597,0.399,10,NA,10.4,119,63,5,19,97,21,81,83,4,12,4,60,0,111,118,44,137,1037,16,2,41
94560,580810.42,23,5,4,0,6,59.65,15.885,1914,21.99,0.632,0.0024,0.296,7.6,NA,8.3,164,40,0,6,67,27,42,87,1,17,10,63,0,80,140,35,166,1039,29,0,65
94561,334845.83,NA,NA,0,0,0,61.5,13.22,1091,11.47,0.618,0.383,0.223,9.3,NA,11.8,29,24,1,4,79,3,12,24,2,1,0,6,0,30,33,20,38,325,10,1,8
94562,NA,NA,NA,3,0,31,59.7375,35.215,0,8.79,1,-0.4228,0.544,NA,NA,NA,0,1,0,0,1,0,0,1,0,1,0,14,0,1,0,1,2,23,0,0,1
94563,1315701.47,NA,NA,18,1,40,NA,NA,550,68.77,0.497,0.0025,0.092,2.3,NA,3.4,33,20,0,13,32,10,55,62,2,9,3,7,1,28,120,45,25,484,4,0,15
94564,400319.92,NA,NA,17,1,40,NA,NA,2314,31.25,0.577,-0.0341,0.231,7.9,NA,9.8,61,20,0,4,33,4,28,103,0,3,1,6,0,41,32,16,70,434,1,0,11
94565,295316.67,25,16,2,0,2,NA,NA,NA,NA,NA,NA,NA,17,69514,12.9,95,54,0,3,80,9,33,96,2,10,1,44,0,85,59,32,116,792,28,9,36
94566,930543.29,29,16,2,0,2,60.00416667,15.47,760,24.48,0.601,0.1042,0.305,4.5,151400,7.8,115,59,1,28,113,32,91,150,1,35,11,52,3,112,259,89,110,1354,13,1,79
94567,NA,NA,NA,0,0,0,58.72083334,41.79,0,6.36,0,0,0,3.2,NA,20.2,2,0,0,0,6,1,0,3,0,0,0,1,0,3,2,3,1,24,2,0,0
94568,652654.17,29,16,6,0,3,NA,NA,797,27.72,0.643,0.5359,0.342,4.3,NA,6,139,56,1,16,86,18,68,145,2,24,8,19,0,97,198,53,168,1186,15,2,71
94569,NA,NA,NA,11,1,40,58.425,20.23,0,15.37,0.664,-0.181,0.515,0,NA,0,2,0,0,0,2,0,0,1,0,0,0,1,0,0,1,1,1,9,0,0,0
94570,NA,NA,NA,16,1,40,NA,NA,498,51.95,0.492,-0.049,0.149,NA,NA,NA,0,0,0,0,1,0,0,0,0,0,0,0,0,2,2,1,0,7,1,0,0
94571,270925.88,NA,NA,0,0,0,NA,NA,NA,NA,NA,NA,NA,7.2,NA,21.1,19,3,1,3,22,1,5,9,0,1,1,5,6,22,9,10,14,143,4,1,7
94572,NA,NA,NA,0,0,1,NA,NA,0,17.02,0.583,-0.0044,0.341,10.8,NA,11.1,11,2,0,0,11,2,2,14,0,2,0,5,0,7,4,3,8,80,2,0,7
94573,NA,NA,NA,3,0,27,59.7375,35.215,0,11.23,0.731,-0.1414,0.519,0,NA,0,5,3,2,1,2,0,1,2,0,1,0,22,0,2,1,1,3,50,2,0,2
94574,NA,NA,NA,0,0,2,59.24722222,39.60333333,682,17.62,0.532,-0.0229,0.442,6.8,NA,3.7,43,15,8,8,40,7,26,37,3,2,4,120,0,35,76,25,76,562,5,1,31
94575,NA,NA,NA,17,3,40,NA,NA,498,51.95,0.492,-0.049,0.149,NA,NA,16.8,1,0,0,0,1,0,0,0,0,0,0,0,0,0,0,0,2,4,0,0,0
94576,NA,NA,NA,2,0,2,59.24722222,39.60333333,0,16.78,0.677,-0.1158,0.381,0,NA,18.6,1,0,0,1,1,1,0,6,0,0,1,1,0,0,1,0,1,14,0,0,0
94577,423236.25,NA,NA,12,1,35,57.49166667,20.81,2533,56.46,0.627,0.0692,0.418,8.5,79473,11.4,112,65,0,9,175,20,58,177,1,34,15,156,0,133,100,99,181,1694,94,1,264
94578,417775.79,NA,NA,3,0,40,NA,NA,2533,56.46,0.627,0.0692,0.418,14.8,NA,11,60,21,0,3,33,8,23,100,1,4,2,16,0,69,25,32,114,537,12,0,14
94579,483833.33,NA,NA,4,0,15,58.84166667,18.04,2533,56.46,0.627,0.0692,0.418,7.1,NA,12,33,14,0,2,14,6,10,15,0,0,0,6,0,23,10,14,32,191,7,0,5
94580,441971.18,23,5,17,1,40,58.84166667,18.04,0,38.9,0.629,0.071,0.263,7.2,NA,11.4,25,9,0,2,29,3,11,34,0,1,1,7,0,34,7,9,31,223,10,0,10
94581,NA,NA,NA,9,2,40,58.45833334,37.545,1312,7.62,0.613,0.0597,0.399,NA,NA,NA,1,2,0,0,5,2,0,0,0,0,0,5,0,0,1,0,2,20,1,0,1
94582,886866.67,29,16,5,0,1,NA,NA,669,48.05,0.654,0.6133,0.282,3.9,NA,6.9,16,18,0,4,11,11,11,38,1,6,1,3,0,10,166,29,10,365,3,0,27
94583,746133.33,29,16,2,0,24,NA,NA,669,48.05,0.654,0.6133,0.282,2.5,NA,6.5,116,109,1,19,104,31,230,266,3,65,59,34,1,139,378,100,105,1899,22,0,117
94585,286812.5,NA,NA,0,0,0,60.98333333,24.81,NA,NA,NA,NA,NA,11,NA,10.2,40,19,0,8,28,3,15,23,1,2,3,9,0,31,22,12,39,276,9,2,10
94586,NA,NA,NA,0,0,0,NA,NA,0,29.48,0.633,-0.3146,0.214,2.6,NA,2.2,3,0,1,1,7,1,0,0,0,0,0,2,2,5,6,1,5,38,2,0,2
94587,565366.67,23,5,6,0,26,59.65,15.885,1752,27.37,0.598,0.0396,0.295,8.5,101774,8.6,113,49,1,6,62,24,39,146,0,21,2,78,0,86,105,38,104,1085,57,0,154
94588,761554.17,29,16,4,1,23,60.00416667,15.47,760,24.48,0.601,0.1042,0.305,4.7,NA,7.4,119,167,3,16,66,35,151,149,3,65,34,24,0,75,319,86,222,1670,20,2,114
94589,240783.72,NA,NA,1,0,0,58.0125,24.05,NA,NA,NA,NA,NA,15.5,NA,16,30,13,1,10,14,2,8,81,0,0,1,1,0,24,3,13,47,266,13,0,5
94590,208270.83,NA,NA,18,1,40,56.39166667,20.39,NA,NA,NA,NA,NA,22,NA,16.8,79,29,0,7,53,15,44,96,1,7,1,20,0,98,53,38,123,695,14,1,16
94591,317197.92,NA,NA,4,0,2,NA,NA,NA,NA,NA,NA,NA,11.3,85491,11.4,68,20,0,5,38,4,26,95,0,7,2,2,1,52,32,28,73,470,10,0,7
94592,NA,NA,NA,5,0,4,NA,NA,NA,NA,NA,NA,NA,4.7,NA,9.7,0,3,0,0,12,2,0,4,0,0,0,10,0,5,11,1,0,56,1,0,7
94595,580647.92,25,16,7,0,1,NA,NA,1433,48.28,0.541,-0.0019,0.305,4.5,117392,8.6,12,17,0,2,32,4,19,57,0,5,0,2,0,29,46,22,15,272,3,0,7
94596,589562.5,25,16,3,0,1,NA,NA,1433,48.28,0.541,-0.0019,0.305,6.5,NA,6.3,157,93,1,27,67,25,307,199,2,34,24,22,0,161,489,177,222,2066,12,0,47
94597,537842.65,25,16,6,0,7,NA,NA,1433,48.28,0.541,-0.0019,0.305,7.8,NA,6.8,29,35,1,12,48,4,56,44,0,15,6,4,0,45,116,45,32,522,8,0,22
94598,759268.75,25,16,0,0,0,NA,NA,1433,48.28,0.541,-0.0019,0.305,4.6,152913,7.4,32,61,2,14,35,15,69,259,0,35,8,9,0,41,182,30,49,883,5,0,37
94599,NA,NA,NA,5,0,20,59.175,33.79,734,7.09,0.401,0.0058,0.275,5.1,NA,10.5,28,9,1,4,3,0,3,8,0,3,0,11,0,3,10,3,22,115,2,0,5
94601,356813.08,NA,NA,7,0,40,NA,NA,5091,66.09,0.605,-0.0219,0.529,25.3,NA,16.6,76,35,0,6,45,8,30,75,2,6,2,52,1,90,24,25,130,663,26,0,30
94602,713817.97,24,23,15,1,40,NA,NA,5091,66.09,0.605,-0.0219,0.529,9,NA,8.4,50,21,0,3,42,13,13,57,3,8,1,5,0,40,80,28,31,412,1,0,16
94603,267202.88,NA,NA,2,0,15,57.49166667,23.75,5091,66.09,0.605,-0.0219,0.529,25,NA,19.1,13,15,0,3,18,2,4,16,0,1,3,26,0,32,3,11,43,235,19,0,26
94604,NA,NA,NA,40,11,40,NA,NA,5091,66.09,0.605,-0.0219,0.529,NA,NA,NA,0,1,0,0,2,0,0,0,0,0,0,1,0,0,2,3,0,9,0,0,0
94605,426000,24,23,5,0,4,NA,26.69,5091,66.09,0.605,-0.0219,0.529,17.8,75698,14.2,36,16,0,7,34,6,8,62,2,5,0,2,0,39,25,21,57,326,4,0,2
94606,404461.54,NA,NA,24,4,40,NA,NA,5091,66.09,0.605,-0.0219,0.529,24.6,NA,12.8,61,16,0,3,44,14,7,55,2,5,3,37,0,84,50,31,86,553,11,0,44
94607,428250,24,23,5,0,11,59.175,23.96,5091,66.09,0.605,-0.0219,0.529,29.1,NA,13.7,181,33,1,17,64,32,65,98,4,27,8,52,0,137,220,76,156,1366,78,1,116
94608,440581.14,24,23,39,4,40,NA,NA,6066,66.76,0.687,0.4647,0.556,13.8,NA,9.1,122,56,1,16,86,12,29,62,0,55,21,80,1,79,215,44,162,1143,20,0,82
94609,743444.57,NA,NA,22,8,40,NA,NA,5091,66.09,0.605,-0.0219,0.529,15.9,NA,9,91,22,0,3,24,14,10,279,2,13,0,12,0,65,53,24,65,692,5,0,10
94610,494416.67,NA,NA,38,8,40,NA,NA,5091,66.09,0.605,-0.0219,0.529,6.7,NA,6.4,71,30,0,11,38,26,27,94,3,16,2,13,0,78,133,35,48,637,3,0,9
94611,780440,24,23,8,1,27,NA,NA,5091,66.09,0.605,-0.0219,0.529,8,153606,5.2,102,29,0,15,54,27,55,131,8,11,0,12,0,91,163,66,113,901,9,0,15
94612,NA,NA,NA,40,12,40,59.175,23.96,5091,66.09,0.605,-0.0219,0.529,29.8,NA,11.4,144,76,0,20,41,41,117,165,1,50,23,23,0,223,510,95,84,1665,18,3,31
94613,NA,NA,NA,6,0,25,NA,26.69,5091,66.09,0.605,-0.0219,0.529,0,NA,9.9,2,0,0,0,0,2,0,0,0,0,0,0,0,2,0,0,1,7,0,0,0
94614,NA,NA,NA,15,0,18,57.49166667,20.81,5091,66.09,0.605,-0.0219,0.529,NA,NA,NA,0,0,0,0,0,0,0,0,0,0,0,1,0,0,0,1,0,5,3,0,0
94615,NA,NA,NA,4,0,18,NA,NA,5091,66.09,0.605,-0.0219,0.529,NA,NA,NA,1,0,0,0,0,0,0,0,0,0,0,0,0,0,0,0,0,1,0,0,0
94617,NA,NA,NA,40,11,40,59.175,23.96,5091,66.09,0.605,-0.0219,0.529,NA,NA,NA,0,0,0,0,0,0,0,0,0,0,0,0,0,2,0,0,1,3,0,0,0
94618,996298.53,NA,NA,7,0,3,NA,NA,5091,66.09,0.605,-0.0219,0.529,7.3,NA,6.3,60,10,1,10,23,18,18,73,4,5,3,5,0,56,91,28,62,475,1,0,7
94619,539641.18,24,23,5,0,1,NA,26.69,5091,66.09,0.605,-0.0219,0.529,9.8,NA,8.5,30,17,3,6,28,17,10,41,0,1,1,2,0,31,43,14,32,286,5,0,5
94620,NA,NA,NA,21,8,40,NA,NA,1066,86.67,0.576,-0.026,0.082,NA,NA,NA,1,0,0,0,1,0,0,0,1,0,0,0,0,1,0,0,0,4,0,0,0
94621,225016.67,NA,NA,3,0,1,57.49166667,23.75,5091,66.09,0.605,-0.0219,0.529,32.8,NA,15.8,66,49,0,3,59,17,21,53,1,17,11,47,2,107,67,29,77,758,60,1,71
94622,NA,NA,NA,3,0,36,NA,NA,5091,66.09,0.605,-0.0219,0.529,NA,NA,NA,NA,NA,NA,NA,NA,NA,NA,NA,NA,NA,NA,NA,NA,NA,NA,NA,NA,NA,NA,NA,NA
94623,NA,NA,NA,4,0,20,NA,NA,5091,66.09,0.605,-0.0219,0.529,NA,NA,NA,0,1,0,0,0,0,0,0,0,0,0,0,0,2,0,0,0,7,4,0,0
94624,NA,NA,NA,1,0,30,NA,NA,5091,66.09,0.605,-0.0219,0.529,NA,NA,NA,0,0,0,0,0,0,0,0,0,0,0,0,0,0,1,0,0,2,1,0,0
94625,NA,NA,NA,0,0,3,NA,NA,5091,66.09,0.605,-0.0219,0.529,NA,NA,NA,NA,NA,NA,NA,NA,NA,NA,NA,NA,NA,NA,NA,NA,NA,NA,NA,NA,NA,NA,NA,NA
94649,NA,NA,NA,35,2,40,NA,NA,5091,66.09,0.605,-0.0219,0.529,NA,NA,NA,0,0,0,0,0,0,0,0,0,0,0,0,0,0,0,0,1,1,0,0,0
94659,NA,NA,NA,40,12,40,NA,NA,5091,66.09,0.605,-0.0219,0.529,NA,NA,NA,NA,NA,NA,NA,NA,NA,NA,NA,NA,NA,NA,NA,NA,NA,NA,NA,NA,NA,NA,NA,NA
94660,NA,NA,NA,40,8,40,NA,NA,5091,66.09,0.605,-0.0219,0.529,NA,NA,NA,NA,NA,NA,NA,NA,NA,NA,NA,NA,NA,NA,NA,NA,NA,NA,NA,NA,NA,NA,NA,NA
94661,NA,NA,NA,11,1,27,NA,NA,5091,66.09,0.605,-0.0219,0.529,NA,NA,NA,0,0,0,0,0,0,0,0,0,0,0,0,0,0,0,1,0,1,0,0,0
94662,NA,NA,NA,40,4,40,60.00416667,15.47,6066,66.76,0.687,0.4647,0.556,NA,NA,NA,0,0,0,0,2,0,0,0,0,0,0,0,0,3,1,0,0,7,0,0,1
94666,NA,NA,NA,40,13,40,NA,NA,5091,66.09,0.605,-0.0219,0.529,NA,NA,NA,NA,NA,NA,NA,NA,NA,NA,NA,NA,NA,NA,NA,NA,NA,NA,NA,NA,NA,NA,NA,NA
94701,NA,NA,NA,40,18,40,NA,NA,2878,74.09,0.566,0.0957,0.529,NA,NA,NA,1,0,0,0,1,1,0,0,0,0,0,0,0,0,0,0,1,4,0,0,0
94702,657022.78,NA,NA,32,5,40,NA,NA,2878,74.09,0.566,0.0957,0.529,18,NA,7.6,37,8,0,6,32,18,9,36,2,7,1,15,0,61,50,18,66,380,3,0,11
94703,NA,NA,NA,10,5,40,58.05,26.74,2878,74.09,0.566,0.0957,0.529,18.9,NA,7.3,21,17,0,11,25,13,4,41,2,13,1,4,1,31,47,13,31,283,1,0,7
94704,NA,NA,NA,40,22,40,58.05,26.74,2878,74.09,0.566,0.0957,0.529,39.9,NA,12.1,196,25,0,14,13,29,33,98,1,30,6,24,0,114,149,53,119,916,2,0,10
94705,1338823.53,NA,NA,6,1,7,NA,NA,2878,74.09,0.566,0.0957,0.529,10,NA,4.6,49,20,0,10,21,14,13,197,4,14,2,7,0,40,85,21,66,568,1,0,4
94706,631433.33,NA,NA,40,4,40,NA,NA,NA,NA,NA,NA,NA,10.6,NA,7.1,68,14,1,10,35,8,17,76,2,13,0,9,0,66,54,25,48,459,3,0,10
94707,1085000,NA,NA,24,2,40,NA,NA,NA,NA,NA,NA,NA,3.3,NA,4.6,32,18,0,7,28,5,20,52,2,9,2,5,0,35,70,20,38,351,1,0,7
94708,1115000,NA,NA,7,0,1,58.05,26.74,2878,74.09,0.566,0.0957,0.529,3.6,NA,5.4,1,1,0,8,20,7,6,22,4,5,0,1,0,9,50,8,3,153,0,0,8
94709,NA,NA,NA,40,18,40,58.05,26.74,2878,74.09,0.566,0.0957,0.529,13.6,NA,4.9,65,9,0,5,11,18,7,31,0,6,3,2,0,32,56,34,30,316,2,0,5
94710,NA,NA,NA,21,10,40,NA,NA,2878,74.09,0.566,0.0957,0.529,20.2,NA,9.3,48,39,0,29,46,22,18,49,1,42,5,101,0,51,170,33,133,859,4,1,67
94712,NA,NA,NA,40,18,40,NA,NA,2878,74.09,0.566,0.0957,0.529,NA,NA,NA,0,1,0,0,0,0,0,0,0,0,1,0,0,1,0,0,0,3,0,0,0
94720,NA,NA,NA,31,25,40,58.05,26.74,2878,74.09,0.566,0.0957,0.529,36.4,NA,22,6,0,0,1,0,2,1,2,1,3,0,0,0,13,3,1,3,37,0,0,1
94801,257392.16,NA,NA,2,0,1,58.51666667,24.93,NA,NA,NA,NA,NA,25.5,NA,13.2,26,28,0,8,35,7,9,23,1,2,9,34,0,28,40,18,39,364,21,0,36
94802,NA,NA,NA,2,0,20,NA,NA,3875,41.09,0.611,0.0452,0.442,NA,NA,NA,1,0,0,0,4,0,1,0,0,0,0,1,0,0,3,0,1,15,1,0,3
94803,388840.16,NA,NA,4,0,1,NA,NA,NA,NA,NA,NA,NA,7.2,NA,10.4,24,22,1,7,42,9,16,42,0,6,0,5,0,50,28,11,28,311,9,0,11
94804,300850,NA,NA,3,0,13,58.51666667,24.93,3875,41.09,0.611,0.0452,0.442,19.1,NA,10.7,47,30,0,10,77,9,8,53,2,5,2,66,0,61,46,20,87,619,34,1,61
94805,329411.76,NA,NA,4,0,40,58.51666667,24.93,3875,41.09,0.611,0.0452,0.442,10.8,NA,11,17,6,0,0,19,5,13,20,0,3,0,4,0,32,19,4,35,179,1,0,1
94806,293620.83,NA,NA,10,0,40,58.51666667,24.93,NA,NA,NA,NA,NA,16.5,65892,14.4,73,31,0,5,34,11,30,118,0,13,5,18,0,60,48,38,143,670,19,0,24
94807,NA,NA,NA,13,1,40,NA,NA,3875,41.09,0.611,0.0452,0.442,NA,NA,NA,0,2,0,1,1,0,0,1,0,0,0,0,0,1,2,0,0,9,1,0,0
94808,NA,NA,NA,16,1,40,NA,NA,3875,41.09,0.611,0.0452,0.442,NA,NA,NA,0,0,0,0,0,0,0,1,0,0,0,0,0,0,0,0,1,2,0,0,0
94820,NA,NA,NA,3,0,1,NA,NA,0,39.33,0.637,0.0334,0.347,NA,NA,NA,0,0,0,0,1,0,1,0,0,0,0,0,0,1,0,0,0,3,0,0,0
94850,NA,NA,NA,5,0,22,NA,NA,3875,41.09,0.611,0.0452,0.442,NA,NA,NA,NA,NA,NA,NA,NA,NA,NA,NA,NA,NA,NA,NA,NA,NA,NA,NA,NA,NA,NA,NA,NA
94901,810459.69,22,22,10,0,37,58.52083334,41.605,1674,14.23,0.634,0.0294,0.457,10.9,104538,7.4,156,90,0,62,203,41,108,202,3,51,17,57,1,209,329,91,242,1999,27,0,110
94903,685687.5,22,22,6,0,6,58.375,35.23,NA,NA,NA,NA,NA,6.5,116969,6.9,72,58,1,13,100,28,86,182,3,28,13,13,0,67,215,71,104,1113,12,0,47
94904,1382056.3,NA,NA,2,0,28,58.66666667,43.12,NA,NA,NA,NA,NA,4.7,NA,6.3,23,22,1,8,19,8,44,126,2,7,0,3,0,27,73,34,37,443,3,0,6
94912,NA,NA,NA,11,0,40,NA,NA,1674,14.23,0.634,0.0294,0.457,NA,NA,NA,0,2,0,0,2,0,1,0,0,0,0,0,0,1,2,0,0,11,1,0,2
94913,NA,NA,NA,8,1,22,NA,NA,1674,14.23,0.634,0.0294,0.457,NA,NA,NA,0,0,0,0,1,1,0,1,0,0,0,1,0,2,0,1,0,7,0,0,0
94914,NA,NA,NA,7,0,40,NA,NA,NA,NA,NA,NA,NA,NA,NA,NA,0,1,0,0,1,0,1,0,0,0,0,0,0,0,0,1,0,4,0,0,0
94915,NA,NA,NA,8,1,22,NA,NA,1674,14.23,0.634,0.0294,0.457,NA,NA,NA,1,2,0,0,2,1,1,1,0,0,0,0,0,0,1,0,0,9,0,0,0
94920,1770562.5,NA,NA,35,1,40,NA,NA,NA,NA,NA,NA,NA,5.9,NA,8.6,25,19,0,11,20,8,30,31,4,14,1,6,0,25,82,37,28,362,3,0,18
94922,NA,NA,NA,2,0,5,55.5375,56.99,0,6.22,0.708,0.0628,0.493,29.6,NA,13.2,2,1,0,0,2,1,0,2,0,0,0,1,0,0,1,0,2,13,0,0,1
94923,NA,NA,NA,6,0,30,55.5375,56.99,0,5.69,0.468,-0.2431,0.065,7.7,NA,1.3,13,3,1,1,1,0,0,0,0,0,0,3,0,3,6,7,9,48,1,0,0
94924,NA,NA,NA,0,0,0,NA,NA,0,11.04,0.695,0.3002,0.235,13,NA,8.3,3,3,1,3,12,1,0,6,0,1,0,1,0,2,3,0,10,47,0,0,1
94925,925000,22,22,11,0,40,NA,38.26,0,15.71,0.651,0.0168,0.261,3.9,NA,5.1,34,18,0,12,39,6,35,76,1,8,5,8,0,29,77,25,118,513,3,0,19
94926,NA,NA,NA,13,0,40,NA,NA,1316,18.32,0.656,-0.03,0.434,NA,NA,NA,0,0,0,1,0,0,2,0,0,0,0,0,0,0,0,1,0,4,0,0,0
94927,NA,NA,NA,19,0,40,NA,NA,1316,18.32,0.656,-0.03,0.434,NA,NA,NA,2,1,0,1,2,0,0,0,0,0,0,2,0,2,2,1,0,15,1,0,1
94928,357687.5,21,13,19,0,40,NA,NA,1316,18.32,0.656,-0.03,0.434,13,NA,10.4,90,63,3,13,101,8,43,86,1,15,5,39,0,75,64,49,105,811,10,1,40
94929,NA,NA,NA,2,0,19,53.61666667,NA,0,7.82,0,-0.1129,0.02,0,NA,NA,1,0,0,0,1,0,0,0,0,1,0,1,0,1,3,0,0,9,0,1,0
94930,525000,NA,NA,11,2,40,NA,NA,840,10.74,0.765,0.0167,0.405,5.4,NA,4.7,27,13,0,12,43,6,5,19,1,5,0,2,0,17,41,10,21,232,1,0,9
94931,NA,NA,NA,2,0,7,58.15,26.65,1314,14.62,0.671,0.1227,0.438,8.8,NA,13.3,35,14,0,6,57,2,3,18,0,4,1,20,0,30,20,7,55,295,10,0,13
94933,NA,NA,NA,0,0,0,NA,NA,0,9.22,0,0,0,5.8,NA,9.5,2,3,0,0,7,0,0,2,0,0,0,0,0,1,0,2,1,18,0,0,0
94937,NA,NA,NA,1,0,0,NA,NA,0,12.37,0.66,-0.0823,0.194,9.5,NA,2.8,9,2,0,3,5,0,1,0,0,2,0,1,0,4,7,0,2,36,0,0,0
94938,NA,NA,NA,1,0,2,NA,NA,0,9.26,0,0,0,3.8,NA,10.8,0,1,0,1,3,0,1,1,0,1,0,0,0,2,3,0,1,16,0,0,2
94939,NA,NA,NA,19,0,40,58.66666667,43.12,0,15.02,0.597,-0.0073,0.501,1.8,NA,8.1,31,9,0,4,25,6,69,39,1,12,3,8,0,18,93,37,31,408,6,1,15
94940,NA,NA,NA,1,0,0,NA,NA,0,8.83,0,0,0,20.4,NA,17,5,0,0,1,1,0,0,0,0,1,0,1,0,0,1,0,0,11,1,0,0
94941,1222875,22,22,4,0,2,NA,38.26,NA,NA,NA,NA,NA,6.1,162267,5.9,82,50,0,41,65,22,84,135,5,41,6,21,1,76,242,72,115,1105,3,0,44
94942,NA,NA,NA,19,1,40,NA,NA,664,14.34,0.567,0.0223,0.286,NA,NA,NA,0,1,0,0,2,2,2,3,0,0,0,1,0,1,4,2,1,22,1,0,2
94945,637420.66,22,22,1,0,1,NA,NA,NA,NA,NA,NA,NA,5.5,NA,7.4,54,54,0,7,67,9,65,76,5,19,6,16,0,61,93,45,91,707,9,0,30
94946,NA,NA,NA,35,0,9,NA,NA,0,8.78,0.222,12.7143,0,4.7,NA,4,4,3,2,0,1,0,1,2,1,1,0,0,0,2,6,3,1,30,0,0,3
94947,590672.22,22,22,1,0,0,NA,NA,1001,11.76,0.625,0.0897,0.312,4.6,NA,6,33,41,1,10,78,6,23,72,0,11,2,9,0,32,55,20,35,448,7,0,13
94948,NA,NA,NA,12,0,40,NA,NA,1001,11.76,0.625,0.0897,0.312,NA,NA,NA,1,8,0,1,6,0,2,0,0,1,0,0,0,2,2,1,0,28,1,0,3
94949,698269.71,22,22,1,0,2,NA,NA,NA,NA,NA,NA,NA,9,NA,9.9,35,49,0,8,74,12,37,37,1,21,3,37,0,40,95,31,37,581,11,0,53
94950,NA,NA,NA,5,0,10,NA,NA,0,10.03,0,0,0,0,NA,0,8,0,0,0,1,0,0,0,0,0,0,0,0,1,0,1,1,12,0,0,0
94951,NA,NA,NA,4,0,2,58.15,26.65,0,18.16,0.728,-0.1554,0.409,6.3,NA,5.3,5,4,0,0,32,2,1,5,0,0,0,5,0,4,9,0,13,86,2,0,4
94952,573172.04,22,22,15,1,40,58.15,26.65,NA,NA,NA,NA,NA,8.3,93198,7.5,124,58,11,20,158,17,61,94,2,25,5,67,0,114,141,36,203,1209,21,0,52
94953,NA,NA,NA,4,0,2,NA,NA,1044,16.12,0.637,0.0622,0.316,NA,NA,NA,0,0,0,0,3,2,2,0,0,0,0,1,0,0,0,0,0,9,0,0,1
94954,505600.89,21,13,0,0,1,58.15,26.65,1044,16.12,0.637,0.0622,0.316,6.3,89688,8,54,74,7,20,115,17,67,99,2,16,9,58,0,70,103,41,79,921,22,0,68
94955,NA,NA,NA,10,1,40,NA,NA,1044,16.12,0.637,0.0622,0.316,NA,NA,NA,0,0,0,1,0,0,0,0,0,0,1,0,0,1,0,1,1,6,0,0,1
94956,NA,NA,NA,0,0,0,NA,NA,0,10.19,0.665,0.0367,0.342,8.5,NA,2.9,14,6,0,2,10,0,1,9,0,2,1,6,0,11,5,4,12,87,0,0,4
94957,NA,NA,NA,15,1,40,58.375,35.23,484,13.65,0.434,0.0369,0.114,5.6,NA,7.1,3,4,0,4,3,2,3,6,1,1,0,0,0,6,8,7,3,52,0,0,1
94960,980425.53,22,22,10,1,40,58.52083334,41.605,910,12.85,0.642,-0.0034,0.317,5.2,NA,6.7,43,26,0,9,69,17,22,44,0,8,1,8,0,36,92,23,52,480,5,0,25
94963,NA,NA,NA,1,0,37,NA,NA,0,9.27,0.902,0.0229,0.182,4.4,NA,0,2,0,0,1,3,0,0,2,0,0,0,0,0,1,3,2,1,16,0,0,1
94964,NA,NA,NA,10,0,40,NA,NA,0,15.62,0,0,0,0,NA,0,0,0,0,0,2,1,1,1,0,0,0,0,0,1,1,0,1,8,0,0,0
94965,850000,NA,NA,0,0,0,NA,NA,1149,16.58,0.724,-0.0367,0.442,10.5,NA,9.6,73,40,0,26,26,19,35,42,0,30,8,21,0,53,184,52,79,731,6,3,34
94966,NA,NA,NA,19,2,40,NA,NA,1149,16.58,0.724,-0.0367,0.442,NA,NA,NA,1,0,0,0,2,1,0,0,0,0,0,0,0,2,3,2,0,13,1,0,1
94970,NA,NA,NA,10,0,6,NA,38.26,0,13.14,0.66,-0.1585,0.086,0,NA,0,5,2,0,2,5,0,0,3,0,0,0,1,0,1,4,5,3,31,0,0,0
94971,NA,NA,NA,40,0,21,NA,NA,0,8.07,0.797,-0.0286,0.453,4.7,NA,8.4,1,1,0,0,1,1,0,1,0,0,0,1,0,0,0,0,0,7,0,0,1
94972,NA,NA,NA,0,0,0,NA,NA,0,7.17,1,0.7093,1,0,NA,0,3,0,1,0,1,0,0,0,0,0,0,1,0,3,0,0,1,10,0,0,0
94973,NA,NA,NA,2,0,40,NA,NA,0,9.5,0.743,-0.0323,0.216,4.8,NA,3.7,0,3,0,2,13,0,1,3,1,1,1,1,0,3,2,1,1,33,0,0,0
94974,NA,NA,NA,2,0,7,NA,NA,0,15.62,0,0,0,NA,NA,NA,NA,NA,NA,NA,NA,NA,NA,NA,NA,NA,NA,NA,NA,NA,NA,NA,NA,NA,NA,NA,NA
94975,NA,NA,NA,4,0,2,NA,NA,1044,16.12,0.637,0.0622,0.316,NA,NA,NA,0,0,2,0,0,0,0,2,1,1,0,0,0,3,2,0,1,12,0,0,0
94976,NA,NA,NA,19,1,40,NA,NA,0,15.71,0.651,0.0168,0.261,NA,NA,NA,1,0,0,0,1,0,0,0,0,1,0,0,0,0,0,1,2,6,0,0,0
94977,NA,NA,NA,19,0,40,NA,NA,0,15.02,0.597,-0.0073,0.501,NA,NA,NA,0,0,0,0,0,0,1,0,0,0,0,0,0,0,0,1,0,2,0,0,0
94978,NA,NA,NA,10,2,40,NA,NA,840,10.74,0.765,0.0167,0.405,NA,NA,NA,0,0,1,0,1,0,0,0,0,0,0,0,0,0,0,0,1,3,0,0,0
94979,NA,NA,NA,18,1,40,NA,NA,910,12.85,0.642,-0.0034,0.317,NA,NA,NA,0,1,0,0,1,1,0,1,0,0,0,0,0,1,2,0,0,7,0,0,0
94998,NA,NA,NA,12,0,40,NA,NA,1001,11.76,0.625,0.0897,0.312,NA,NA,NA,1,0,0,0,0,0,3,0,0,0,1,0,0,0,1,1,0,9,0,0,2
94999,NA,NA,NA,3,0,27,58.15,26.65,1044,16.12,0.637,0.0622,0.316,NA,NA,NA,NA,NA,NA,NA,NA,NA,NA,NA,NA,NA,NA,NA,NA,NA,NA,NA,NA,NA,NA,NA,NA
95001,NA,NA,NA,13,1,40,57.23333333,20.27,0,19.91,0.575,-0.338,0.28,NA,NA,NA,1,0,0,0,2,0,0,1,0,1,0,1,0,0,3,1,0,13,0,0,3
95002,NA,NA,NA,20,3,40,NA,NA,0,25.23,0,0,0,15,NA,11.9,5,8,0,2,10,0,5,2,1,4,1,1,0,1,3,1,2,52,2,0,4
95003,678291.67,NA,NA,12,1,35,57.2625,21.885,NA,NA,NA,NA,NA,10,NA,7.9,57,28,1,11,91,17,38,87,0,8,3,12,0,46,115,38,53,638,5,1,27
95005,NA,NA,NA,1,1,15,58.53333333,50.48,0,12.59,0.626,1.6371,0.296,7.9,NA,10.2,6,3,0,0,32,2,1,13,0,3,0,5,0,12,15,2,12,109,2,0,1
95006,348846.15,NA,NA,0,0,0,NA,NA,0,13.9,0.63,0.2063,0.203,9.5,NA,8.3,18,14,1,5,21,2,3,6,0,1,1,6,0,8,21,8,16,134,0,1,2
95007,NA,NA,NA,1,1,12,58.53333333,50.48,0,12.47,0.778,0.0898,0.202,0,NA,3.6,1,1,0,0,0,0,0,0,0,0,0,1,0,0,1,0,0,6,1,0,1
95008,866354.17,32,23,34,3,40,59.2,23.08,1592,36.34,0.672,0.0318,0.456,8.5,105463,7.8,155,114,1,19,239,37,170,181,0,61,8,95,0,228,320,107,199,2030,9,1,86
95009,NA,NA,NA,34,2,40,NA,NA,1592,36.34,0.672,0.0318,0.456,NA,NA,NA,0,0,0,0,0,0,0,0,0,0,0,0,0,1,0,0,0,1,0,0,0
95010,406000,NA,NA,9,1,40,58.81666667,31.35,3105,26.24,0.618,-0.0115,0.494,8.3,NA,9.2,81,18,0,4,27,6,55,52,0,6,2,8,1,32,51,51,148,559,3,0,14
95011,NA,NA,NA,10,1,40,NA,NA,1592,36.34,0.672,0.0318,0.456,NA,NA,NA,0,2,0,0,5,0,0,0,0,0,0,0,0,0,2,0,0,12,1,0,2
95013,NA,NA,NA,2,1,9,NA,NA,0,48.45,0,0,0,0,NA,NA,0,2,0,1,1,0,0,0,0,0,0,0,0,0,0,0,0,7,0,1,2
95014,1546112.65,32,23,4,0,2,NA,NA,NA,NA,NA,NA,NA,5.5,154751,7,153,66,0,17,49,68,110,210,5,34,10,34,1,114,446,120,122,1658,7,1,91
95015,NA,NA,NA,11,3,40,NA,39.28,684,19.32,0.52,0.1534,0.341,NA,NA,NA,1,0,0,1,1,1,0,0,0,0,0,0,0,0,5,1,1,12,1,0,0
95017,NA,NA,NA,0,0,0,NA,NA,0,9.97,0.93,0.3204,0.416,11,NA,13,3,1,0,0,3,0,0,1,0,0,0,3,0,1,0,0,0,13,0,0,1
95018,NA,NA,NA,9,1,29,58.53333333,50.48,0,14.24,0.643,2.8601,0.258,4.2,NA,6.2,22,10,1,5,34,2,4,16,0,1,0,9,1,13,16,5,29,173,2,1,2
95019,NA,NA,NA,1,0,25,57.2625,21.885,0,37.8,0.636,-0.4883,0.367,27.4,NA,15.2,11,4,0,0,16,0,6,31,0,1,0,5,0,19,3,5,22,125,1,0,1
95020,573375,32,23,2,0,40,60.675,20.54,1741,50.64,0.612,0.1774,0.372,11.6,96535,11.8,126,64,6,14,154,6,53,152,5,14,0,59,1,108,104,46,317,1324,26,2,67
95021,NA,NA,NA,3,0,40,60.675,20.54,1741,50.64,0.612,0.1774,0.372,NA,NA,NA,0,2,0,0,3,0,0,0,0,0,0,0,0,2,0,0,3,11,1,0,0
95023,410113.64,NA,NA,1,0,0,57.47916667,15.125,1555,75.22,0.628,0.015,0.377,10.3,NA,11.9,63,45,4,9,114,10,48,97,1,7,0,56,3,77,53,43,94,792,30,1,37
95024,NA,NA,NA,1,1,40,57.47916667,15.125,1555,75.22,0.628,0.015,0.377,NA,NA,NA,0,2,0,0,7,0,0,0,0,0,0,1,0,1,0,0,0,12,1,0,0
95026,NA,NA,NA,14,2,40,NA,NA,0,25.17,0,0,0,NA,NA,NA,0,0,0,0,0,0,0,1,0,0,0,0,0,1,0,0,0,2,0,0,0
95030,2018065.26,32,23,26,2,40,59.2,23.08,858,32.39,0.534,0.0287,0.336,4.6,NA,7.4,79,18,0,7,26,12,50,71,2,13,3,13,0,51,141,75,107,683,2,0,13
95031,NA,NA,NA,13,2,40,NA,NA,858,32.39,0.534,0.0287,0.336,NA,NA,NA,2,2,0,0,6,0,1,1,0,0,0,1,0,2,7,3,1,26,0,0,0
95032,1296500,32,23,2,0,1,59.2,23.08,858,32.39,0.534,0.0287,0.336,4.7,NA,6.1,48,36,0,16,64,19,52,290,2,25,1,22,0,65,170,60,67,967,5,0,25
95033,NA,NA,NA,13,2,40,55.34166667,41.77,858,32.39,0.534,0.0287,0.336,5,NA,7.9,1,9,1,4,36,9,3,7,1,3,0,6,0,9,31,12,3,148,1,4,8
95035,671833.33,32,23,29,1,40,NA,NA,1307,28.28,0.589,0.0653,0.313,6.7,113974,8.1,282,79,0,26,79,40,87,238,3,39,19,153,0,151,304,70,292,2080,32,0,186
95036,NA,NA,NA,27,1,40,NA,NA,1307,28.28,0.589,0.0653,0.313,NA,NA,NA,1,1,0,0,1,0,0,0,0,0,0,0,0,2,2,0,1,9,0,0,1
95037,693854.17,32,23,2,0,1,61.12083334,20.54,1008,37.6,0.639,0.1289,0.276,8.1,NA,9.4,118,59,4,20,143,23,67,117,1,22,6,86,1,106,147,80,115,1202,16,0,71
95038,NA,NA,NA,3,0,40,61.56666667,NA,1008,37.6,0.639,0.1289,0.276,NA,NA,NA,2,0,0,1,2,0,0,1,0,0,0,0,0,1,2,2,0,14,2,1,0
95041,NA,NA,NA,2,1,10,58.53333333,50.48,0,18.82,0.782,0.2058,0.351,0,NA,8.7,1,0,0,0,2,0,0,0,0,0,0,0,0,2,1,0,1,7,0,0,0
95042,NA,NA,NA,14,2,40,NA,NA,0,23.35,0,0,0,NA,NA,NA,0,0,0,0,0,0,0,0,0,0,0,0,0,0,0,2,0,2,0,0,0
95043,NA,NA,NA,0,0,0,56.11666667,14.005,NA,NA,NA,NA,NA,8.8,NA,8,1,1,1,0,3,0,0,0,0,1,0,3,1,0,1,2,2,16,0,0,0
95044,NA,NA,NA,14,2,40,NA,NA,0,24.85,0,0,0,NA,NA,NA,0,0,0,0,1,0,0,1,0,1,0,0,0,0,0,1,1,5,0,0,0
95045,NA,NA,NA,1,0,1,58.8,14.19,0,90.97,0.586,0.2021,0.53,13.2,NA,21.8,16,5,1,2,6,0,1,5,0,2,0,6,0,2,13,5,4,75,3,0,4
95046,NA,NA,NA,1,0,0,61.12083334,20.54,0,37.18,0.598,0.6612,0.237,4.6,NA,14.8,4,16,1,1,47,0,1,8,1,1,0,15,1,11,9,6,14,153,7,1,9
95050,731609.06,32,23,22,1,40,61.49166667,14.9,1207,31.85,0.603,0.1378,0.511,11.2,NA,8.1,161,67,0,14,116,15,43,136,3,31,10,122,0,142,190,54,281,1526,38,2,101
95051,812266.67,32,23,7,1,40,NA,NA,1207,31.85,0.603,0.1378,0.511,6,117561,9.6,164,43,0,19,47,26,35,96,2,27,5,55,0,97,240,49,149,1147,14,0,79
95052,NA,NA,NA,31,3,40,61.49166667,14.9,1207,31.85,0.603,0.1378,0.511,NA,NA,NA,4,2,0,2,2,0,1,0,0,3,1,2,0,1,1,0,1,27,1,0,6
95053,NA,NA,NA,9,1,40,61.49166667,14.9,1207,31.85,0.603,0.1378,0.511,0,NA,20.7,11,0,0,0,0,1,0,0,0,0,0,1,0,0,0,0,2,15,0,0,0
95054,774583.18,NA,NA,10,1,28,NA,NA,1207,31.85,0.603,0.1378,0.511,6.7,NA,6.8,106,81,0,8,62,13,51,41,1,111,21,316,2,73,533,66,72,1841,23,0,261
95055,NA,NA,NA,8,1,40,NA,NA,1207,31.85,0.603,0.1378,0.511,NA,NA,NA,0,1,0,0,0,0,0,0,0,0,0,0,0,1,2,0,0,4,0,0,0
95056,NA,NA,NA,7,1,25,NA,NA,1207,31.85,0.603,0.1378,0.511,NA,NA,NA,0,0,0,0,0,0,0,0,0,0,0,2,0,1,1,0,0,5,0,0,1
95060,703761.37,NA,NA,4,0,1,NA,NA,NA,NA,NA,NA,NA,19.8,87742,7.9,212,64,3,28,110,46,62,159,4,38,9,80,1,108,234,62,196,1500,15,1,68
95061,NA,NA,NA,3,0,8,NA,NA,2810,24,0.581,0.0981,0.503,NA,NA,NA,2,1,0,0,2,1,1,0,0,0,0,0,1,3,3,0,2,17,0,0,1
95062,661067.35,23,7,8,1,13,58.81666667,31.35,2810,24,0.581,0.0981,0.503,15.1,NA,7.8,80,52,1,19,113,17,31,137,1,15,1,31,0,106,126,58,118,962,13,0,43
95063,NA,NA,NA,12,1,40,58.81666667,31.35,2810,24,0.581,0.0981,0.503,NA,NA,NA,1,1,0,0,4,0,0,1,0,0,0,1,0,1,0,1,0,11,0,0,1
95064,NA,NA,NA,5,0,13,NA,NA,2810,24,0.581,0.0981,0.503,22.6,NA,15,3,0,0,0,1,2,0,0,0,0,0,0,0,1,0,0,0,7,0,0,0
95065,NA,NA,NA,1,0,0,58.81666667,31.35,2810,24,0.581,0.0981,0.503,6.5,NA,5.8,16,7,1,4,32,9,2,108,0,2,2,8,0,21,31,11,18,282,1,0,9
95066,720357.47,NA,NA,4,0,5,58.53333333,50.48,1016,26.8,0.623,0.0171,0.241,4.5,NA,7.9,47,21,1,9,37,12,29,43,1,14,2,31,0,42,95,19,61,491,3,0,24
95067,NA,NA,NA,3,1,26,NA,NA,1016,26.8,0.623,0.0171,0.241,NA,NA,NA,0,1,0,0,0,0,1,2,0,0,0,0,0,1,0,1,0,6,0,0,0
95070,1965450,32,23,23,3,40,NA,NA,442,27.43,0.466,0.0028,0.144,4.5,214057,6.9,59,24,0,16,47,21,44,109,2,20,2,11,1,57,175,84,37,733,1,0,23
95071,NA,NA,NA,20,3,40,NA,NA,442,27.43,0.466,0.0028,0.144,NA,NA,NA,0,0,0,0,2,0,0,0,0,0,0,0,0,1,0,0,1,4,0,0,0
95073,NA,NA,NA,1,0,2,58.81666667,31.35,0,26.73,0.625,0.8981,0.259,7.8,NA,6.6,28,14,2,7,64,5,21,43,4,6,3,18,0,33,61,14,49,396,6,0,18
95075,NA,NA,NA,0,0,0,57.47916667,15.125,0,51.06,0.547,0.7895,0.297,16.4,NA,7,3,1,0,2,4,0,0,0,0,1,0,0,0,0,2,1,2,16,0,0,0
95076,426110.71,NA,NA,2,0,13,57.2625,21.885,NA,NA,NA,NA,NA,15.8,67542,11.1,92,91,7,18,139,27,61,202,2,13,13,83,2,109,107,71,159,1354,57,0,101
95077,NA,NA,NA,3,0,40,57.2625,21.885,2059,43.55,0.599,0.1566,0.525,NA,NA,NA,1,1,1,0,0,1,0,0,0,0,0,1,0,2,0,1,1,14,2,0,3
95101,NA,NA,NA,6,0,36,NA,NA,1475,46.3,0.612,0.057,0.396,NA,NA,NA,1,0,0,0,1,0,3,0,0,1,0,0,0,0,0,0,1,7,0,0,0
95103,NA,NA,NA,40,5,40,NA,NA,1475,46.3,0.612,0.057,0.396,NA,NA,NA,0,0,0,0,0,0,0,0,0,0,0,0,0,0,1,0,0,1,0,0,0
95106,NA,NA,NA,40,5,40,NA,NA,1475,46.3,0.612,0.057,0.396,NA,NA,NA,0,0,0,0,0,0,0,1,0,0,0,0,0,0,0,0,0,2,0,0,1
95108,NA,NA,NA,40,5,40,NA,NA,1475,46.3,0.612,0.057,0.396,NA,NA,NA,NA,NA,NA,NA,NA,NA,NA,NA,NA,NA,NA,NA,NA,NA,NA,NA,NA,NA,NA,NA,NA
95109,NA,NA,NA,40,5,40,NA,NA,1475,46.3,0.612,0.057,0.396,NA,NA,NA,0,1,0,0,0,0,0,1,0,0,0,0,0,1,0,0,0,3,0,0,0
95110,469358.33,32,23,6,1,32,61.49166667,14.9,1475,46.3,0.612,0.057,0.396,15.9,NA,9.6,91,85,1,7,60,14,97,28,0,53,7,39,0,75,232,47,60,1013,35,1,81
95111,485791.67,32,23,5,0,33,NA,NA,1475,46.3,0.612,0.057,0.396,19.9,NA,13.4,66,45,0,7,71,8,13,51,0,1,1,51,0,78,22,38,70,550,11,0,17
95112,523552.55,32,23,39,4,40,61.49166667,14.9,1475,46.3,0.612,0.057,0.396,21.6,NA,12.8,191,128,1,22,223,24,72,164,3,31,11,167,1,229,260,97,239,2174,67,1,243
95113,NA,NA,NA,40,4,40,NA,NA,1475,46.3,0.612,0.057,0.396,33.7,NA,16.2,123,32,0,20,10,15,94,17,1,40,4,8,0,64,345,59,33,893,4,0,24
95115,NA,NA,NA,40,5,40,NA,NA,1475,46.3,0.612,0.057,0.396,NA,NA,NA,2,0,0,0,0,0,0,0,0,0,0,0,0,0,0,0,0,2,0,0,0
95116,425399.7,32,23,9,1,40,NA,NA,1475,46.3,0.612,0.057,0.396,23.3,NA,12.4,60,33,0,4,53,8,22,197,0,5,1,18,0,57,35,30,90,632,8,0,11
95117,716294.12,32,23,3,3,30,NA,NA,1475,46.3,0.612,0.057,0.396,14.3,NA,9.5,23,15,0,0,24,10,19,48,0,9,0,6,0,22,61,26,45,333,6,0,19
95118,738633.33,32,23,7,1,40,NA,NA,1475,46.3,0.612,0.057,0.396,7.8,NA,9.2,71,32,0,8,53,14,31,49,1,4,0,3,0,51,65,23,89,519,10,0,15
95119,714254.9,NA,NA,7,0,18,NA,NA,1475,46.3,0.612,0.057,0.396,5.2,NA,7.8,25,20,0,4,23,5,25,45,1,9,4,32,0,19,53,11,21,323,3,1,22
95120,1232104.17,32,23,1,0,2,NA,NA,1475,46.3,0.612,0.057,0.396,2.8,169426,7.1,31,23,1,12,47,19,32,61,1,6,0,7,0,40,114,40,31,491,3,1,22
95121,556074.54,32,23,5,1,39,54.525,26.13,1475,46.3,0.612,0.057,0.396,10.2,NA,13.5,62,25,0,5,31,2,15,92,1,5,0,3,0,35,41,21,56,404,4,0,6
95122,435661.65,32,23,2,0,33,NA,NA,1475,46.3,0.612,0.057,0.396,18.8,68902,12.3,146,36,0,0,36,7,49,90,2,17,2,26,0,89,28,33,199,796,11,0,25
95123,601158.33,32,23,4,1,16,NA,NA,1475,46.3,0.612,0.057,0.396,7.5,100095,10.3,109,44,0,11,87,16,65,143,2,13,2,14,0,88,87,49,229,987,13,1,14
95124,870583.33,32,23,7,1,17,59.2,23.08,1475,46.3,0.612,0.057,0.396,5,123161,9.2,80,56,0,13,117,22,46,296,3,6,3,15,0,78,115,35,101,1002,1,0,15
95125,901158.33,32,23,5,1,10,NA,NA,1475,46.3,0.612,0.057,0.396,7.1,134429,8.4,95,67,0,16,175,24,78,158,3,18,7,61,1,155,211,82,133,1335,8,0,43
95126,622575,32,23,14,1,40,NA,NA,1475,46.3,0.612,0.057,0.396,13.8,NA,9.4,66,59,1,10,77,15,49,112,3,12,8,25,0,116,254,84,80,1019,11,0,37
95127,520520.83,32,23,1,0,3,NA,NA,1475,46.3,0.612,0.057,0.396,10.1,84700,11.4,62,35,1,6,88,5,25,70,2,7,1,8,0,76,31,19,62,511,3,0,10
95128,628790.91,32,23,8,3,40,NA,NA,1475,46.3,0.612,0.057,0.396,11.9,NA,9.7,97,52,0,8,49,19,84,304,1,16,10,19,0,99,165,61,163,1184,7,1,29
95129,1238194.88,32,23,10,0,40,NA,NA,1475,46.3,0.612,0.057,0.396,5.9,NA,6.4,118,36,0,10,47,48,75,129,1,25,3,17,0,64,191,57,154,1013,3,0,35
95130,NA,NA,NA,5,0,30,NA,NA,1475,46.3,0.612,0.057,0.396,6.6,NA,7.1,16,9,0,3,15,3,9,17,1,2,0,0,0,11,23,8,26,146,0,0,3
95131,654533.82,32,23,8,0,40,NA,NA,1475,46.3,0.612,0.057,0.396,6.4,NA,10.1,88,67,0,8,73,11,46,53,1,42,12,209,0,41,251,58,66,1350,51,0,273
95132,721855.29,32,23,5,0,10,NA,NA,1475,46.3,0.612,0.057,0.396,9.2,NA,9.9,40,14,0,2,36,14,11,80,1,4,0,7,0,26,48,19,39,365,5,0,19
95133,587058.91,32,23,5,0,12,NA,NA,1475,46.3,0.612,0.057,0.396,16.3,NA,13.3,40,24,0,4,39,3,7,38,0,5,0,41,0,33,25,16,45,374,11,0,43
95134,NA,NA,NA,7,0,1,NA,NA,1475,46.3,0.612,0.057,0.396,6.2,NA,6.3,55,24,0,7,7,7,29,32,0,49,13,50,0,13,166,24,22,626,4,2,122
95135,820179.41,32,23,1,0,1,54.525,26.13,1475,46.3,0.612,0.057,0.396,5.1,NA,9.1,18,15,0,4,11,7,17,40,1,3,1,2,0,19,54,18,16,236,1,0,9
95136,655881.25,32,23,7,0,14,NA,NA,1475,46.3,0.612,0.057,0.396,8.1,NA,9.5,32,35,0,6,59,8,12,42,1,7,0,17,1,33,55,35,48,410,3,0,16
95138,923426.02,32,23,1,0,1,54.525,26.13,1475,46.3,0.612,0.057,0.396,3.4,NA,8.1,47,21,0,7,14,5,8,26,1,5,1,24,0,9,90,20,13,306,1,0,14
95139,576470.59,NA,NA,1,0,3,NA,NA,1475,46.3,0.612,0.057,0.396,5.5,NA,7.7,12,4,1,0,12,2,1,10,0,0,0,0,0,8,10,2,7,72,2,0,1
95140,NA,NA,NA,0,0,0,54.525,26.13,NA,NA,NA,NA,NA,0,NA,7.2,1,3,0,0,1,0,0,0,2,0,0,0,0,0,2,2,1,12,0,0,0
95141,NA,NA,NA,1,0,0,NA,NA,1475,46.3,0.612,0.057,0.396,NA,NA,NA,1,3,0,1,0,0,0,0,0,0,0,0,0,0,2,0,1,9,1,0,0
95148,711041.67,32,23,2,0,1,54.525,26.13,1475,46.3,0.612,0.057,0.396,6.4,NA,9.6,37,31,0,3,44,10,17,88,1,3,0,2,0,23,48,23,38,393,12,0,13
95150,NA,NA,NA,7,0,31,NA,NA,1475,46.3,0.612,0.057,0.396,NA,NA,NA,0,1,0,0,1,2,1,0,0,1,0,0,0,0,1,3,0,11,0,0,1
95151,NA,NA,NA,5,5,40,NA,NA,1475,46.3,0.612,0.057,0.396,NA,NA,NA,0,0,0,0,2,0,0,0,0,0,0,0,0,0,0,1,0,4,0,0,1
95152,NA,NA,NA,5,0,10,NA,NA,1475,46.3,0.612,0.057,0.396,NA,NA,NA,0,0,0,0,1,1,0,1,0,0,0,0,0,0,0,0,0,3,0,0,0
95153,NA,NA,NA,6,0,29,NA,NA,1475,46.3,0.612,0.057,0.396,NA,NA,NA,1,2,0,0,1,0,1,0,0,1,0,0,0,0,1,0,1,9,1,0,0
95154,NA,NA,NA,9,1,23,59.2,23.08,1475,46.3,0.612,0.057,0.396,NA,NA,NA,0,2,0,0,1,0,0,0,0,0,0,1,0,1,2,0,0,8,0,0,1
95155,NA,NA,NA,16,0,40,NA,NA,1475,46.3,0.612,0.057,0.396,NA,NA,NA,0,0,0,0,1,0,0,0,0,0,0,0,0,2,1,1,1,6,0,0,0
95156,NA,NA,NA,7,0,40,NA,NA,1475,46.3,0.612,0.057,0.396,NA,NA,NA,1,1,0,0,1,0,1,0,0,0,0,0,0,0,0,1,0,5,0,0,0
95157,NA,NA,NA,3,0,38,NA,NA,1475,46.3,0.612,0.057,0.396,NA,NA,NA,0,0,0,0,0,0,0,0,0,0,0,0,0,1,0,0,2,3,0,0,0
95158,NA,NA,NA,8,1,40,NA,NA,1475,46.3,0.612,0.057,0.396,NA,NA,NA,0,1,0,0,1,0,0,0,0,0,0,0,0,0,0,0,0,2,0,0,0
95159,NA,NA,NA,7,0,40,NA,NA,1475,46.3,0.612,0.057,0.396,NA,NA,NA,0,1,0,1,2,0,1,0,0,0,0,1,0,1,1,0,0,9,1,0,0
95160,NA,NA,NA,5,0,7,NA,NA,1475,46.3,0.612,0.057,0.396,NA,NA,NA,0,0,0,1,1,0,0,0,0,1,0,0,0,1,1,1,1,7,0,0,0
95161,NA,NA,NA,9,0,40,NA,NA,1475,46.3,0.612,0.057,0.396,NA,NA,NA,0,0,0,0,1,0,1,0,0,0,0,1,0,0,1,1,0,10,1,0,4
95164,NA,NA,NA,4,0,33,NA,NA,1475,46.3,0.612,0.057,0.396,NA,NA,NA,0,2,0,0,0,0,0,0,0,0,0,0,0,0,1,0,0,5,2,0,0
95170,NA,NA,NA,5,2,27,NA,NA,1475,46.3,0.612,0.057,0.396,NA,NA,NA,0,0,0,0,1,0,0,0,0,0,0,1,0,0,2,1,0,5,0,0,0
95172,NA,NA,NA,24,3,40,NA,NA,1475,46.3,0.612,0.057,0.396,NA,NA,NA,NA,NA,NA,NA,NA,NA,NA,NA,NA,NA,NA,NA,NA,NA,NA,NA,NA,NA,NA,NA,NA
95173,NA,NA,NA,40,5,40,NA,NA,1475,46.3,0.612,0.057,0.396,NA,NA,NA,0,0,0,0,0,0,0,1,0,0,0,0,0,0,0,1,0,2,0,0,0
95190,NA,NA,NA,9,1,40,NA,NA,1475,46.3,0.612,0.057,0.396,NA,NA,NA,0,0,0,0,0,0,0,0,0,1,0,0,0,0,1,0,0,3,0,0,1
95191,NA,NA,NA,9,0,40,NA,NA,1475,46.3,0.612,0.057,0.396,NA,NA,NA,0,0,0,0,0,0,0,0,0,0,0,0,0,1,0,0,0,1,0,0,0
95192,NA,NA,NA,28,3,40,NA,NA,1475,46.3,0.612,0.057,0.396,NA,NA,NA,2,0,0,0,0,1,0,0,0,1,1,0,0,3,0,0,2,10,0,0,0
95193,NA,NA,NA,3,1,30,NA,NA,1475,46.3,0.612,0.057,0.396,NA,NA,NA,0,1,0,0,0,0,0,0,0,0,0,0,0,0,0,0,0,2,0,0,1
95194,NA,NA,NA,9,0,40,NA,NA,1475,46.3,0.612,0.057,0.396,NA,NA,NA,NA,NA,NA,NA,NA,NA,NA,NA,NA,NA,NA,NA,NA,NA,NA,NA,NA,NA,NA,NA,NA
95196,NA,NA,NA,40,2,40,NA,NA,1475,46.3,0.612,0.057,0.396,NA,NA,NA,NA,NA,NA,NA,NA,NA,NA,NA,NA,NA,NA,NA,NA,NA,NA,NA,NA,NA,NA,NA,NA
95201,NA,NA,NA,10,1,40,NA,NA,4003,4.57,0.569,0.1966,0.433,NA,NA,NA,5,4,0,0,1,0,1,1,0,0,2,5,0,4,1,6,1,35,1,0,3
95202,NA,NA,NA,9,0,40,NA,NA,4003,4.57,0.569,0.1966,0.433,50.4,NA,30.5,36,14,1,3,7,6,21,52,0,10,0,10,0,40,59,17,36,322,4,1,5
95203,145000,27,30,8,0,13,NA,NA,4003,4.57,0.569,0.1966,0.433,23,NA,17.4,16,17,1,4,21,6,5,29,0,2,2,26,1,23,18,10,47,303,25,1,49
95204,170606.65,27,30,6,0,19,NA,NA,4003,4.57,0.569,0.1966,0.433,18.4,NA,12,48,10,1,4,26,7,9,118,1,10,0,9,0,51,26,24,50,405,4,0,7
95205,96235.29,NA,NA,8,0,19,NA,NA,4003,4.57,0.569,0.1966,0.433,29.9,NA,20.1,47,19,0,2,91,6,10,25,1,4,2,57,0,103,17,20,139,672,42,0,87
95206,192045.83,27,30,1,0,1,61.31666667,14.06,4003,4.57,0.569,0.1966,0.433,25.7,NA,20.9,37,28,3,5,26,3,10,40,0,4,1,49,0,49,17,21,77,542,92,1,79
95207,170216.67,27,30,2,0,40,62.21666667,17.77,4003,4.57,0.569,0.1966,0.433,22.8,52564,19.2,120,61,0,10,36,20,141,253,0,14,8,11,1,94,120,81,236,1233,10,1,16
95208,NA,NA,NA,4,1,31,NA,NA,4003,4.57,0.569,0.1966,0.433,NA,NA,NA,1,1,0,0,3,0,0,2,0,0,0,1,0,2,0,0,1,14,1,0,2
95209,246703.75,27,30,1,0,1,NA,NA,4003,4.57,0.569,0.1966,0.433,10.2,79196,14.3,26,21,3,6,33,7,9,61,0,1,0,2,0,28,19,11,32,279,13,0,7
95210,158322.62,27,30,1,0,0,NA,NA,4003,4.57,0.569,0.1966,0.433,25.5,NA,16.9,46,15,0,4,12,5,14,64,1,9,2,4,0,53,17,23,82,364,4,0,9
95211,NA,NA,NA,4,0,40,62.21666667,17.77,NA,NA,NA,NA,NA,NA,NA,13.7,10,0,0,1,0,0,1,1,0,0,0,0,0,2,0,0,1,16,0,0,0
95212,278576.76,27,30,2,0,0,NA,NA,4003,4.57,0.569,0.1966,0.433,11.1,NA,14.3,20,12,2,0,21,0,8,18,0,1,1,6,0,29,6,9,46,207,20,0,8
95213,NA,NA,NA,1,0,8,61.31666667,14.06,4003,4.57,0.569,0.1966,0.433,NA,NA,NA,0,3,0,0,1,0,0,0,0,0,0,0,0,3,0,0,1,12,1,0,3
95215,NA,NA,NA,0,0,1,61.31666667,14.06,4003,4.57,0.569,0.1966,0.433,18.3,NA,23.8,20,29,12,3,48,0,3,16,0,2,1,40,0,26,13,12,32,358,49,1,51
95219,299045.25,27,30,0,0,0,NA,NA,4003,4.57,0.569,0.1966,0.433,12.1,NA,8.2,51,19,1,13,23,7,58,82,1,6,4,3,0,24,74,31,43,459,9,0,10
95220,NA,NA,NA,1,0,0,NA,19.455,0,3.54,1,12.64,0,10.9,NA,9.6,6,10,6,0,35,0,0,3,0,0,2,8,0,5,7,2,10,113,13,0,6
95227,NA,NA,NA,0,0,0,NA,NA,0,2.59,0,0,0,3.5,NA,0,2,0,4,0,3,0,0,0,1,0,0,1,0,4,0,0,1,17,1,0,0
95231,NA,NA,NA,2,0,4,61.31666667,14.06,0,4.75,0.454,-0.1784,0.446,21.2,NA,23.4,3,6,0,0,12,1,0,10,0,0,0,5,0,5,3,5,4,83,21,0,8
95234,NA,NA,NA,5,0,12,NA,NA,0,5.67,0,0,0,0,NA,6.5,0,0,0,0,0,0,1,0,0,0,0,1,0,0,0,0,0,2,0,0,0
95236,NA,NA,NA,0,0,0,NA,NA,0,3.92,0.589,0.6174,0.257,13.4,NA,5.7,8,2,2,2,8,1,1,1,0,0,1,5,0,6,7,3,7,64,5,0,5
95237,NA,NA,NA,23,0,9,NA,19.455,0,3.1,0.445,0.017,0.341,14.1,NA,16,10,3,1,2,10,0,3,3,0,0,0,7,0,4,5,3,17,73,4,0,1
95240,213572.03,NA,NA,0,0,0,61.23333333,19.02,2003,3.78,0.527,0.0901,0.429,19.8,55307,14.4,99,53,7,11,122,4,62,131,2,14,8,87,2,124,66,57,157,1071,28,0,37
95241,NA,NA,NA,6,0,40,61.23333333,19.02,2003,3.78,0.527,0.0901,0.429,NA,NA,NA,0,3,0,1,4,0,2,0,0,0,0,0,0,3,4,0,4,26,2,0,3
95242,288385.42,NA,NA,0,0,0,61.23333333,19.02,2003,3.78,0.527,0.0901,0.429,7.9,NA,10.3,46,16,2,4,49,7,45,78,3,5,3,14,0,39,35,21,53,446,15,0,11
95253,NA,NA,NA,2,0,10,61.23333333,19.31,0,3.4,0.687,0.0693,0.433,NA,NA,NA,1,0,0,0,0,0,0,0,0,0,1,1,0,1,0,0,0,7,0,0,3
95258,NA,NA,NA,20,0,3,61.23333333,19.02,0,3.67,0.642,-0.0976,0.285,14.5,NA,11.1,6,4,1,1,4,0,3,1,0,0,0,4,0,6,10,8,6,55,1,0,0
95267,NA,NA,NA,2,0,40,62.21666667,17.77,4003,4.57,0.569,0.1966,0.433,NA,NA,NA,0,3,0,0,1,0,1,3,1,0,0,0,0,1,2,1,1,14,0,0,0
95269,NA,NA,NA,1,0,40,62.21666667,17.77,4003,4.57,0.569,0.1966,0.433,NA,NA,NA,1,1,0,0,0,0,0,0,1,0,0,0,0,2,0,0,1,7,1,0,0
95296,NA,NA,NA,0,0,0,NA,NA,4003,4.57,0.569,0.1966,0.433,NA,NA,NA,0,0,0,0,0,0,1,0,0,0,0,0,0,1,0,0,0,3,1,0,0
95297,NA,NA,NA,2,0,40,62.21666667,17.77,4003,4.57,0.569,0.1966,0.433,NA,NA,NA,0,0,0,0,0,0,0,0,0,0,0,0,0,0,0,0,1,1,0,0,0
95304,NA,NA,NA,0,0,0,61.8875,12.965,1241,8.55,0.633,0.4566,0.315,8,NA,10.9,31,20,3,7,43,4,15,12,2,2,1,26,2,43,20,25,98,420,35,0,31
95320,NA,NA,NA,0,0,0,NA,NA,1548,3.6,0.619,0.196,0.227,11.9,NA,11.9,17,13,5,2,37,1,8,14,0,1,1,8,1,20,13,11,25,196,11,2,6
95330,293107.52,NA,NA,4,0,30,NA,NA,0,5.29,0.575,0.7255,0.218,9.9,NA,15.6,25,14,1,2,22,3,9,20,0,0,0,28,1,24,9,13,22,249,40,1,15
95336,260833.33,NA,NA,1,0,1,61.31666667,14.06,1780,4.8,0.648,0.3621,0.36,10.2,67136,16,89,31,2,8,65,7,36,95,1,12,5,13,1,73,33,37,113,683,32,0,30
95337,317750,NA,NA,0,0,0,NA,NA,1780,4.8,0.648,0.3621,0.36,8.7,NA,13.5,38,29,0,6,54,2,21,41,0,2,2,9,1,33,33,26,75,409,27,1,9
95366,338108.62,NA,NA,5,0,11,NA,NA,940,4.28,0.578,0.4091,0.317,6.7,NA,8.6,28,11,2,5,46,3,11,22,0,0,0,23,0,33,18,10,32,279,18,0,17
95376,322295.83,NA,NA,9,1,40,61.8875,12.965,1241,8.55,0.633,0.4566,0.315,9.6,NA,14.6,96,40,2,11,81,9,56,128,0,7,2,28,1,91,66,45,120,850,36,0,31
95377,396300,NA,NA,0,0,0,NA,NA,1241,8.55,0.633,0.4566,0.315,3.9,NA,11.9,18,19,0,5,32,3,13,36,0,3,0,12,1,13,28,12,20,263,21,3,24
95378,NA,NA,NA,0,0,2,60.98333333,13.05,1241,8.55,0.633,0.4566,0.315,NA,NA,NA,0,1,0,1,5,1,0,3,0,0,0,1,1,1,1,0,1,18,2,0,0
95391,440471.69,NA,NA,0,0,1,62.79166667,12.88,NA,NA,NA,NA,NA,4.7,NA,13,0,5,1,0,5,0,3,9,0,2,0,1,0,2,7,1,3,48,6,2,1
95401,381897.54,21,13,12,0,4,57.61666667,36.28,1510,61.16,0.605,0.137,0.423,14.1,NA,11.8,126,59,3,18,102,13,81,115,1,25,5,45,0,107,155,55,228,1202,16,0,48
95402,NA,NA,NA,15,2,40,59.19166667,32.2,1510,61.16,0.605,0.137,0.423,NA,NA,NA,1,7,0,4,7,0,0,4,0,0,0,0,0,6,4,3,7,48,2,0,3
95403,415089.58,21,13,3,0,17,57.61666667,36.28,1510,61.16,0.605,0.137,0.423,11.2,81225,10.5,97,52,3,24,169,28,102,152,4,13,14,91,2,100,201,101,133,1391,27,1,77
95404,516597.92,21,13,2,0,0,59.19166667,32.2,1510,61.16,0.605,0.137,0.423,10.5,84680,9.3,79,56,5,13,120,17,94,157,6,16,7,24,2,96,229,60,111,1135,11,1,31
95405,451716.67,21,13,22,0,14,59.19166667,32.2,1510,61.16,0.605,0.137,0.423,7.3,NA,10.3,58,20,1,11,40,13,35,240,0,6,1,11,0,44,56,20,83,654,5,0,10
95406,NA,NA,NA,15,2,40,59.19166667,32.2,1510,61.16,0.605,0.137,0.423,NA,NA,NA,0,2,0,2,2,0,0,1,0,0,0,1,0,2,2,2,2,19,0,0,3
95407,335676.2,NA,NA,8,0,2,NA,NA,1510,61.16,0.605,0.137,0.423,15.7,NA,11.3,60,53,4,3,152,5,22,46,1,11,3,64,0,84,42,43,187,894,31,0,83
95409,509701.43,21,13,5,0,1,NA,NA,1510,61.16,0.605,0.137,0.423,8.1,86217,9.2,30,18,0,9,46,3,21,57,3,2,1,12,0,31,37,17,29,337,4,2,15
95412,NA,NA,NA,0,0,0,NA,NA,0,3.56,0,0,0,6.1,NA,12.4,0,2,2,1,1,0,0,0,0,0,0,1,0,1,0,1,0,9,0,0,0
95416,NA,NA,NA,6,0,40,58.80833333,31.43,NA,NA,NA,NA,NA,NA,NA,NA,0,0,0,0,2,0,0,1,0,0,0,1,0,1,1,1,2,9,0,0,0
95419,NA,NA,NA,1,0,13,57.35833333,49.635,0,6.85,0,0,0,NA,NA,NA,0,1,0,0,0,0,0,0,0,0,0,0,0,0,1,0,0,2,0,0,0
95421,NA,NA,NA,0,0,0,54.16666667,39.87,0,4.83,0.721,-0.0221,0.125,9.8,NA,11.5,2,1,3,1,11,0,2,0,0,2,0,3,1,6,1,0,3,37,0,1,0
95425,382647.06,NA,NA,2,0,16,60.21666667,44.62,NA,NA,NA,NA,NA,9.9,NA,7.2,30,7,4,1,37,0,6,16,2,4,0,21,1,17,14,11,30,208,5,0,2
95430,NA,NA,NA,0,0,0,55.5375,56.99,0,7.43,0,0,0,NA,NA,NA,5,0,0,1,2,0,0,0,0,0,0,0,0,1,0,2,5,16,0,0,0
95431,NA,NA,NA,6,0,40,58.80833333,31.43,0,11.54,0.314,-0.1962,0.429,NA,NA,68.3,0,0,0,0,0,0,1,0,0,0,0,0,0,1,0,0,1,3,0,0,0
95433,NA,NA,NA,6,0,40,58.80833333,31.43,0,9.53,0.584,0.0427,0.497,NA,NA,NA,0,1,0,0,0,0,0,1,0,0,0,0,0,0,0,1,1,4,0,0,0
95436,NA,NA,NA,2,0,1,58.50555556,41.6925,0,9.8,0.681,0.3895,0.282,11.5,NA,14.9,13,5,0,3,14,2,3,6,0,4,0,10,2,4,9,3,11,92,0,1,2
95439,NA,NA,NA,5,0,26,59.12916667,41.49666667,0,30.72,0.764,-0.0923,0.414,21.6,NA,0,0,1,3,0,7,0,0,0,0,0,0,2,0,0,2,1,6,26,2,0,2
95441,NA,NA,NA,0,0,0,60.35833334,44.3625,0,10.96,0.541,-0.1319,0.252,9.2,NA,6,5,5,3,2,5,0,0,2,0,1,0,18,0,3,1,4,8,66,2,1,6
95442,NA,NA,NA,6,0,38,NA,NA,0,13.48,0.436,-0.2097,0.322,7.6,NA,6.6,11,5,0,6,7,2,2,3,0,1,0,19,1,6,18,6,6,101,0,0,8
95444,NA,NA,NA,3,0,20,57.25833333,42.28,0,12.59,0.805,-0.0595,0.314,7.8,NA,0,3,0,0,0,2,0,1,2,0,0,0,4,0,4,2,1,1,22,1,0,1
95446,358750,NA,NA,3,0,0,NA,55.41,0,7.57,0.639,0.8574,0.289,17.5,NA,12.6,36,3,0,2,15,1,1,7,0,1,0,1,0,6,4,7,15,101,0,1,1
95448,501711.76,21,13,1,0,6,59.84166667,47.4325,1086,10.7,0.602,0.0496,0.38,10.3,NA,8.7,79,21,6,10,78,6,35,55,3,8,0,111,1,52,83,35,111,748,11,0,43
95450,NA,NA,NA,3,0,8,54.16666667,39.87,0,6.32,0.667,0.3737,0.22,8.5,NA,21.8,7,0,1,0,3,0,0,0,0,0,0,0,0,1,1,1,4,18,0,0,0
95452,NA,NA,NA,5,0,34,NA,NA,0,14.38,0.647,1.2251,0.179,4,NA,19.2,6,2,1,1,4,1,1,4,0,2,0,5,0,6,9,2,8,54,0,0,2
95462,NA,NA,NA,1,0,1,NA,55.41,NA,NA,NA,NA,NA,13.8,NA,12.4,9,1,1,1,3,0,0,2,0,1,0,0,0,2,1,0,3,25,1,0,0
95465,NA,NA,NA,0,0,1,55.5375,56.99,0,7.17,0.498,-0.1234,0.178,11.6,NA,6.2,10,2,1,0,7,1,1,2,2,0,0,2,0,5,5,1,5,45,0,0,1
95471,NA,NA,NA,1,0,9,54.16666667,47.64,0,7.74,0,0,0,36.2,NA,18.3,1,0,0,0,1,0,0,0,0,0,0,0,0,0,1,0,0,3,0,0,0
95472,612902.94,21,13,3,0,2,57.25833333,42.28,1022,21.77,0.652,-0.0508,0.465,9,84018,7.9,61,47,4,13,157,21,32,111,5,13,4,63,0,54,115,43,111,906,16,1,35
95473,NA,NA,NA,4,1,40,57.25833333,42.28,1022,21.77,0.652,-0.0508,0.465,NA,NA,NA,0,1,1,1,3,0,0,1,0,1,0,3,0,3,5,0,1,20,0,0,0
95476,550500,21,13,3,0,1,58.80833333,31.43,NA,NA,NA,NA,NA,10.5,90108,8.2,96,70,7,22,144,20,69,107,1,14,2,85,0,77,122,67,158,1139,15,2,61
95480,NA,NA,NA,0,0,0,NA,NA,0,3.96,0,0,0,NA,NA,NA,1,0,0,0,0,0,0,0,0,0,0,0,0,0,0,0,1,2,0,0,0
95486,NA,NA,NA,0,0,0,54.16666667,47.64,0,8.08,0,0,0,42.9,NA,NA,0,0,0,0,1,0,0,0,0,0,0,0,0,0,0,0,1,2,0,0,0
95487,NA,NA,NA,3,0,40,58.80833333,31.43,0,7.71,0,0,0,NA,NA,NA,1,0,0,0,0,0,0,0,0,0,0,0,0,0,1,0,0,2,0,0,0
95492,482177.97,21,13,4,1,25,59.12916667,41.49666667,806,14.95,0.657,0.1784,0.229,5.3,NA,7.8,53,35,5,5,92,12,22,42,1,6,2,29,0,46,56,23,52,523,20,0,22
95497,661750,NA,NA,1,0,1,NA,NA,0,5.36,0,0,0,3.4,NA,0,2,2,0,1,5,0,0,0,0,1,0,1,0,1,5,3,2,23,0,0,0
95620,335226.45,25,15,0,0,0,62.3375,21.865,NA,NA,NA,NA,NA,9.5,NA,8.9,39,20,4,9,34,5,17,24,0,2,0,25,0,30,26,23,45,348,23,1,21
95625,NA,NA,NA,6,0,20,62.06833333,25.874,NA,NA,NA,NA,NA,0,NA,0,0,0,0,0,1,1,0,0,0,0,0,0,0,2,0,0,1,5,0,0,0
95686,NA,NA,NA,0,0,0,NA,NA,0,4.3,0.495,0.3353,0.532,25.3,NA,20.4,0,1,0,0,3,0,0,0,0,0,0,2,0,1,1,1,2,12,1,0,0
95687,312997.92,25,15,2,0,0,61.98125,25.3,NA,NA,NA,NA,NA,8.2,84055,8.3,75,42,0,7,79,12,34,102,0,8,2,15,0,68,50,42,199,755,12,0,8
95688,383266.67,25,15,0,0,0,62.06833333,25.874,NA,NA,NA,NA,NA,8.9,NA,9.9,99,44,0,16,106,12,53,98,0,9,4,37,0,90,68,65,132,894,24,0,37
95696,NA,NA,NA,0,0,0,62.06833333,25.874,NA,NA,NA,NA,NA,NA,NA,NA,1,2,0,0,5,0,0,1,0,0,0,0,0,5,0,2,1,19,0,0,2
