ZIP, avg_precipitation, N_avg_precipitation, renter_occupied, N_renter_occupied, earthquake_index, N_earthquake_index, pop_growth_rate, N_pop_growth_rate, avg_temperature, N_avg_temperature, poverty_Rate, N_poverty_Rate, parks, N_parks, crime_index, N_crime_index, female_labor, N_female_labor, coffeeshops, N_coffeeshops, restaurants, N_restaurants
94548, 13.22, 0.77, 0.22, 77.80, 10.64, 91.56, 0.82, 90.08, 61.50, 85.92, 29.60, 41.27, 5.00, 12.50, 0.00, 100.00, 0.50, 49.70, 0.00, 0.00, 13.00, 32.50
95212, NA, NA, 0.43, 56.70, 4.57, 97.92, 0.20, 94.81, NA, NA, 11.10, 77.98, 2.00, 5.00, 4003.00, 34.01, 0.57, 56.90, 0.00, 0.00, 0.00, 0.00
95625, 25.87, 29.46, NA, NA, NA, NA, NA, NA, 62.07, 92.12, 0.00, 100.00, 6.00, 15.00, NA, NA, NA, NA, 0.00, 0.00, 20.00, 50.00
95210, NA, NA, 0.43, 56.70, 4.57, 97.92, 0.20, 94.81, NA, NA, 25.50, 49.40, 1.00, 2.50, 4003.00, 34.01, 0.57, 56.90, 0.00, 0.00, 0.00, 0.00
95620, 21.86, 20.37, NA, NA, NA, NA, NA, NA, 62.34, 95.05, 9.50, 81.15, 0.00, 0.00, NA, NA, NA, NA, 0.00, 0.00, 0.00, 0.00
94615, NA, NA, 0.53, 47.10, 66.09, 33.42, -0.02, 96.47, NA, NA, NA, NA, 4.00, 10.00, 5091.00, 16.07, 0.60, 60.50, 0.00, 0.00, 18.00, 45.00
94614, 20.81, 17.98, 0.53, 47.10, 66.09, 33.42, -0.02, 96.47, 57.49, 42.23, NA, NA, 15.00, 37.50, 5091.00, 16.07, 0.60, 60.50, 0.00, 0.00, 18.00, 45.00
94617, 23.96, 25.12, 0.53, 47.10, 66.09, 33.42, -0.02, 96.47, 59.17, 60.58, NA, NA, 40.00, 100.00, 5091.00, 16.07, 0.60, 60.50, 11.00, 27.50, 40.00, 100.00
94611, NA, NA, 0.53, 47.10, 66.09, 33.42, -0.02, 96.47, NA, NA, 8.00, 84.13, 8.00, 20.00, 5091.00, 16.07, 0.60, 60.50, 1.00, 2.50, 27.00, 67.50
94610, NA, NA, 0.53, 47.10, 66.09, 33.42, -0.02, 96.47, NA, NA, 6.70, 86.71, 38.00, 95.00, 5091.00, 16.07, 0.60, 60.50, 8.00, 20.00, 40.00, 100.00
94613, 26.69, 31.31, 0.53, 47.10, 66.09, 33.42, -0.02, 96.47, NA, NA, 0.00, 100.00, 6.00, 15.00, 5091.00, 16.07, 0.60, 60.50, 0.00, 0.00, 25.00, 62.50
94612, 23.96, 25.12, 0.53, 47.10, 66.09, 33.42, -0.02, 96.47, 59.17, 60.58, 29.80, 40.87, 40.00, 100.00, 5091.00, 16.07, 0.60, 60.50, 12.00, 30.00, 40.00, 100.00
94619, 26.69, 31.31, 0.53, 47.10, 66.09, 33.42, -0.02, 96.47, NA, NA, 9.80, 80.56, 5.00, 12.50, 5091.00, 16.07, 0.60, 60.50, 0.00, 0.00, 1.00, 2.50
94618, NA, NA, 0.53, 47.10, 66.09, 33.42, -0.02, 96.47, NA, NA, 7.30, 85.52, 7.00, 17.50, 5091.00, 16.07, 0.60, 60.50, 0.00, 0.00, 3.00, 7.50
94578, NA, NA, 0.42, 58.20, 56.46, 43.52, 0.07, 95.78, NA, NA, 14.80, 70.63, 3.00, 7.50, 2533.00, 58.24, 0.63, 62.70, 0.00, 0.00, 40.00, 100.00
94579, 18.04, 11.70, 0.42, 58.20, 56.46, 43.52, 0.07, 95.78, 58.84, 56.95, 7.10, 85.91, 4.00, 10.00, 2533.00, 58.24, 0.63, 62.70, 0.00, 0.00, 15.00, 37.50
94570, NA, NA, 0.15, 85.10, 51.95, 48.25, -0.05, 96.67, NA, NA, NA, NA, 16.00, 40.00, 498.00, 91.79, 0.49, 49.20, 1.00, 2.50, 40.00, 100.00
94571, NA, NA, NA, NA, NA, NA, NA, NA, NA, NA, 7.20, 85.71, 0.00, 0.00, NA, NA, NA, NA, 0.00, 0.00, 0.00, 0.00
94572, NA, NA, 0.34, 65.90, 17.02, 84.87, -0.00, 96.33, NA, NA, 10.80, 78.57, 0.00, 0.00, 0.00, 100.00, 0.58, 58.30, 0.00, 0.00, 1.00, 2.50
94573, 35.22, 50.63, 0.52, 48.10, 11.23, 90.94, -0.14, 97.37, 59.74, 66.71, 0.00, 100.00, 3.00, 7.50, 0.00, 100.00, 0.73, 73.10, 0.00, 0.00, 27.00, 67.50
94574, 39.60, 60.58, 0.44, 55.80, 17.62, 84.24, -0.02, 96.47, 59.25, 61.37, 6.80, 86.51, 0.00, 0.00, 682.00, 88.76, 0.53, 53.20, 0.00, 0.00, 2.00, 5.00
94575, NA, NA, 0.15, 85.10, 51.95, 48.25, -0.05, 96.67, NA, NA, NA, NA, 17.00, 42.50, 498.00, 91.79, 0.49, 49.20, 3.00, 7.50, 40.00, 100.00
94576, 39.60, 60.58, 0.38, 61.90, 16.78, 85.12, -0.12, 97.18, 59.25, 61.37, 0.00, 100.00, 2.00, 5.00, 0.00, 100.00, 0.68, 67.70, 0.00, 0.00, 2.00, 5.00
94577, 20.81, 17.98, 0.42, 58.20, 56.46, 43.52, 0.07, 95.78, 57.49, 42.23, 8.50, 83.13, 12.00, 30.00, 2533.00, 58.24, 0.63, 62.70, 1.00, 2.50, 35.00, 87.50
94808, NA, NA, 0.44, 55.80, 41.09, 59.64, 0.05, 95.96, NA, NA, NA, NA, 16.00, 40.00, 3875.00, 36.12, 0.61, 61.10, 1.00, 2.50, 40.00, 100.00
95132, NA, NA, 0.40, 60.40, 46.30, 54.17, 0.06, 95.87, NA, NA, 9.20, 81.75, 5.00, 12.50, 1475.00, 75.68, 0.61, 61.20, 0.00, 0.00, 10.00, 25.00
95131, NA, NA, 0.40, 60.40, 46.30, 54.17, 0.06, 95.87, NA, NA, 6.40, 87.30, 8.00, 20.00, 1475.00, 75.68, 0.61, 61.20, 0.00, 0.00, 40.00, 100.00
95130, NA, NA, 0.40, 60.40, 46.30, 54.17, 0.06, 95.87, NA, NA, 6.60, 86.90, 5.00, 12.50, 1475.00, 75.68, 0.61, 61.20, 0.00, 0.00, 30.00, 75.00
95136, NA, NA, 0.40, 60.40, 46.30, 54.17, 0.06, 95.87, NA, NA, 8.10, 83.93, 7.00, 17.50, 1475.00, 75.68, 0.61, 61.20, 0.00, 0.00, 14.00, 35.00
95135, 26.13, 30.04, 0.40, 60.40, 46.30, 54.17, 0.06, 95.87, 54.52, 9.90, 5.10, 89.88, 1.00, 2.50, 1475.00, 75.68, 0.61, 61.20, 0.00, 0.00, 1.00, 2.50
95134, NA, NA, 0.40, 60.40, 46.30, 54.17, 0.06, 95.87, NA, NA, 6.20, 87.70, 7.00, 17.50, 1475.00, 75.68, 0.61, 61.20, 0.00, 0.00, 1.00, 2.50
94801, 24.93, 27.32, NA, NA, NA, NA, NA, NA, 58.52, 53.41, 25.50, 49.40, 2.00, 5.00, NA, NA, NA, NA, 0.00, 0.00, 1.00, 2.50
94802, NA, NA, 0.44, 55.80, 41.09, 59.64, 0.05, 95.96, NA, NA, NA, NA, 2.00, 5.00, 3875.00, 36.12, 0.61, 61.10, 0.00, 0.00, 20.00, 50.00
94803, NA, NA, NA, NA, NA, NA, NA, NA, NA, NA, 7.20, 85.71, 4.00, 10.00, NA, NA, NA, NA, 0.00, 0.00, 1.00, 2.50
94804, 24.93, 27.32, 0.44, 55.80, 41.09, 59.64, 0.05, 95.96, 58.52, 53.41, 19.10, 62.10, 3.00, 7.50, 3875.00, 36.12, 0.61, 61.10, 0.00, 0.00, 13.00, 32.50
94805, 24.93, 27.32, 0.44, 55.80, 41.09, 59.64, 0.05, 95.96, 58.52, 53.41, 10.80, 78.57, 4.00, 10.00, 3875.00, 36.12, 0.61, 61.10, 0.00, 0.00, 40.00, 100.00
94806, 24.93, 27.32, NA, NA, NA, NA, NA, NA, 58.52, 53.41, 16.50, 67.26, 10.00, 25.00, NA, NA, NA, NA, 0.00, 0.00, 40.00, 100.00
94807, NA, NA, 0.44, 55.80, 41.09, 59.64, 0.05, 95.96, NA, NA, NA, NA, 13.00, 32.50, 3875.00, 36.12, 0.61, 61.10, 1.00, 2.50, 40.00, 100.00
95054, NA, NA, 0.51, 48.90, 31.85, 69.32, 0.14, 95.26, NA, NA, 6.70, 86.71, 10.00, 25.00, 1207.00, 80.10, 0.60, 60.30, 1.00, 2.50, 28.00, 70.00
95055, NA, NA, 0.51, 48.90, 31.85, 69.32, 0.14, 95.26, NA, NA, NA, NA, 8.00, 20.00, 1207.00, 80.10, 0.60, 60.30, 1.00, 2.50, 40.00, 100.00
95056, NA, NA, 0.51, 48.90, 31.85, 69.32, 0.14, 95.26, NA, NA, NA, NA, 7.00, 17.50, 1207.00, 80.10, 0.60, 60.30, 1.00, 2.50, 25.00, 62.50
95050, 14.90, 4.58, 0.51, 48.90, 31.85, 69.32, 0.14, 95.26, 61.49, 85.83, 11.20, 77.78, 22.00, 55.00, 1207.00, 80.10, 0.60, 60.30, 1.00, 2.50, 40.00, 100.00
95051, NA, NA, 0.51, 48.90, 31.85, 69.32, 0.14, 95.26, NA, NA, 6.00, 88.10, 7.00, 17.50, 1207.00, 80.10, 0.60, 60.30, 1.00, 2.50, 40.00, 100.00
95052, 14.90, 4.58, 0.51, 48.90, 31.85, 69.32, 0.14, 95.26, 61.49, 85.83, NA, NA, 31.00, 77.50, 1207.00, 80.10, 0.60, 60.30, 3.00, 7.50, 40.00, 100.00
95053, 14.90, 4.58, 0.51, 48.90, 31.85, 69.32, 0.14, 95.26, 61.49, 85.83, 0.00, 100.00, 9.00, 22.50, 1207.00, 80.10, 0.60, 60.30, 1.00, 2.50, 40.00, 100.00
94974, NA, NA, 0.00, 100.00, 15.62, 86.34, 0.00, 96.30, NA, NA, NA, NA, 2.00, 5.00, 0.00, 100.00, 0.00, 0.00, 0.00, 0.00, 7.00, 17.50
94975, NA, NA, 0.32, 68.40, 16.12, 85.81, 0.06, 95.83, NA, NA, NA, NA, 4.00, 10.00, 1044.00, 82.79, 0.64, 63.70, 0.00, 0.00, 2.00, 5.00
94976, NA, NA, 0.26, 73.90, 15.71, 86.24, 0.02, 96.17, NA, NA, NA, NA, 19.00, 47.50, 0.00, 100.00, 0.65, 65.10, 1.00, 2.50, 40.00, 100.00
94977, NA, NA, 0.50, 49.90, 15.02, 86.97, -0.01, 96.36, NA, NA, NA, NA, 19.00, 47.50, 0.00, 100.00, 0.60, 59.70, 0.00, 0.00, 40.00, 100.00
94509, 13.22, 0.77, 0.33, 67.20, 19.86, 81.89, 0.13, 95.31, 61.50, 85.92, 16.70, 66.87, 1.00, 2.50, 2535.00, 58.21, 0.58, 58.40, 0.00, 0.00, 28.00, 70.00
94508, 39.60, 60.58, 0.47, 53.10, 8.47, 93.84, -0.03, 96.53, 59.25, 61.37, 10.10, 79.96, 0.00, 0.00, 0.00, 100.00, 0.69, 68.70, 0.00, 0.00, 1.00, 2.50
94972, NA, NA, 1.00, 0.00, 7.17, 95.20, 0.71, 90.93, NA, NA, 0.00, 100.00, 0.00, 0.00, 0.00, 100.00, 1.00, 100.00, 0.00, 0.00, 0.00, 0.00
94973, NA, NA, 0.22, 78.40, 9.50, 92.76, -0.03, 96.55, NA, NA, 4.80, 90.48, 2.00, 5.00, 0.00, 100.00, 0.74, 74.30, 0.00, 0.00, 40.00, 100.00
94505, 12.88, 0.00, 0.14, 86.10, 9.33, 92.93, 0.49, 92.62, 62.79, 100.00, 5.00, 90.08, 5.00, 12.50, 0.00, 100.00, 0.67, 66.90, 0.00, 0.00, 18.00, 45.00
94507, NA, NA, 0.10, 90.10, 51.84, 48.36, -0.07, 96.81, NA, NA, 3.10, 93.85, 2.00, 5.00, 0.00, 100.00, 0.44, 43.70, 0.00, 0.00, 4.00, 10.00
94506, 25.04, 27.57, 0.17, 83.50, 60.15, 39.65, 0.01, 96.24, 58.70, 55.40, 2.30, 95.44, 4.00, 10.00, 499.00, 91.77, 0.55, 55.30, 0.00, 0.00, 2.00, 5.00
94501, 20.78, 17.91, 0.48, 51.90, 36.08, 64.89, 0.02, 96.14, 60.32, 73.02, 10.90, 78.37, 15.00, 37.50, 1297.00, 78.62, 0.65, 64.90, 2.00, 5.00, 40.00, 100.00
94979, NA, NA, 0.32, 68.30, 12.85, 89.24, -0.00, 96.33, NA, NA, NA, NA, 18.00, 45.00, 910.00, 85.00, 0.64, 64.20, 1.00, 2.50, 40.00, 100.00
94503, 24.05, 25.32, NA, NA, NA, NA, NA, NA, 58.01, 47.91, 6.20, 87.70, 3.00, 7.50, NA, NA, NA, NA, 0.00, 0.00, 3.00, 7.50
94502, 20.80, 17.94, 0.48, 51.90, 36.08, 64.89, 0.02, 96.14, 58.90, 57.63, 4.20, 91.67, 8.00, 20.00, 1297.00, 78.62, 0.65, 64.90, 1.00, 2.50, 10.00, 25.00
95416, 31.43, 42.05, NA, NA, NA, NA, NA, NA, 58.81, 56.58, NA, NA, 6.00, 15.00, NA, NA, NA, NA, 0.00, 0.00, 40.00, 100.00
95412, NA, NA, 0.00, 100.00, 3.56, 98.98, 0.00, 96.30, NA, NA, 6.10, 87.90, 0.00, 0.00, 0.00, 100.00, 0.00, 0.00, 0.00, 0.00, 0.00, 0.00
95419, 49.63, 83.33, 0.00, 100.00, 6.85, 95.53, 0.00, 96.30, 57.36, 40.78, NA, NA, 1.00, 2.50, 0.00, 100.00, 0.00, 0.00, 0.00, 0.00, 13.00, 32.50
94028, 40.52, 62.67, NA, NA, NA, NA, NA, NA, 55.34, 18.80, 2.40, 95.24, 11.00, 27.50, NA, NA, NA, NA, 0.00, 0.00, 40.00, 100.00
94022, 40.52, 62.67, 0.14, 85.50, 17.52, 84.35, 0.05, 95.95, 55.34, 18.80, 3.80, 92.46, 5.00, 12.50, 464.00, 92.35, 0.49, 48.80, 1.00, 2.50, 30.00, 75.00
94023, NA, NA, 0.14, 85.50, 17.52, 84.35, 0.05, 95.95, NA, NA, NA, NA, 37.00, 92.50, 464.00, 92.35, 0.49, 48.80, 1.00, 2.50, 40.00, 100.00
94020, 40.52, 62.67, 0.14, 85.70, 19.25, 82.53, -0.23, 98.06, 55.34, 18.80, 1.20, 97.62, 1.00, 2.50, 0.00, 100.00, 0.72, 72.00, 0.00, 0.00, 0.00, 0.00
94021, 41.77, 65.50, 0.07, 93.50, 11.62, 90.53, 0.85, 89.84, 55.34, 18.80, 0.00, 100.00, 1.00, 2.50, 0.00, 100.00, 0.50, 50.00, 0.00, 0.00, 0.00, 0.00
94026, NA, NA, 0.42, 58.40, 20.46, 81.26, 0.04, 96.00, NA, NA, NA, NA, 40.00, 100.00, 1040.00, 82.86, 0.61, 61.00, 2.00, 5.00, 40.00, 100.00
94027, 24.96, 27.40, 0.08, 91.80, 25.46, 76.02, -0.04, 96.60, 59.45, 63.58, 4.60, 90.87, 18.00, 45.00, 1019.00, 83.20, 0.36, 35.90, 2.00, 5.00, 40.00, 100.00
94024, 39.28, 59.85, 0.14, 85.50, 17.52, 84.35, 0.05, 95.95, NA, NA, 2.00, 96.03, 2.00, 5.00, 464.00, 92.35, 0.49, 48.80, 0.00, 0.00, 1.00, 2.50
94025, 29.61, 37.93, NA, NA, NA, NA, NA, NA, 59.54, 64.58, 6.00, 88.10, 40.00, 100.00, NA, NA, NA, NA, 2.00, 5.00, 40.00, 100.00
94596, NA, NA, 0.30, 69.50, 48.28, 52.10, -0.00, 96.32, NA, NA, 6.50, 87.10, 3.00, 7.50, 1433.00, 76.38, 0.54, 54.10, 0.00, 0.00, 1.00, 2.50
94597, NA, NA, 0.30, 69.50, 48.28, 52.10, -0.00, 96.32, NA, NA, 7.80, 84.52, 6.00, 15.00, 1433.00, 76.38, 0.54, 54.10, 0.00, 0.00, 7.00, 17.50
94595, NA, NA, 0.30, 69.50, 48.28, 52.10, -0.00, 96.32, NA, NA, 4.50, 91.07, 7.00, 17.50, 1433.00, 76.38, 0.54, 54.10, 0.00, 0.00, 1.00, 2.50
94592, NA, NA, NA, NA, NA, NA, NA, NA, NA, NA, 4.70, 90.67, 5.00, 12.50, NA, NA, NA, NA, 0.00, 0.00, 4.00, 10.00
94590, 20.39, 17.03, NA, NA, NA, NA, NA, NA, 56.39, 30.25, 22.00, 56.35, 18.00, 45.00, NA, NA, NA, NA, 1.00, 2.50, 40.00, 100.00
94591, NA, NA, NA, NA, NA, NA, NA, NA, NA, NA, 11.30, 77.58, 4.00, 10.00, NA, NA, NA, NA, 0.00, 0.00, 2.00, 5.00
94598, NA, NA, 0.30, 69.50, 48.28, 52.10, -0.00, 96.32, NA, NA, 4.60, 90.87, 0.00, 0.00, 1433.00, 76.38, 0.54, 54.10, 0.00, 0.00, 0.00, 0.00
94599, 33.79, 47.40, 0.28, 72.50, 7.09, 95.28, 0.01, 96.26, 59.17, 60.58, 5.10, 89.88, 5.00, 12.50, 734.00, 87.90, 0.40, 40.10, 0.00, 0.00, 20.00, 50.00
95071, NA, NA, 0.14, 85.60, 27.43, 73.96, 0.00, 96.28, NA, NA, NA, NA, 20.00, 50.00, 442.00, 92.71, 0.47, 46.60, 3.00, 7.50, 40.00, 100.00
94659, NA, NA, 0.53, 47.10, 66.09, 33.42, -0.02, 96.47, NA, NA, NA, NA, 40.00, 100.00, 5091.00, 16.07, 0.60, 60.50, 12.00, 30.00, 40.00, 100.00
94154, NA, NA, 0.57, 42.80, 5.93, 96.50, 0.04, 96.02, NA, NA, NA, NA, 40.00, 100.00, 2718.00, 55.19, 0.64, 64.20, 34.00, 85.00, 40.00, 100.00
94155, NA, NA, 0.57, 42.80, 5.93, 96.50, 0.04, 96.02, NA, NA, NA, NA, 0.00, 0.00, 2718.00, 55.19, 0.64, 64.20, 0.00, 0.00, 3.00, 7.50
94152, NA, NA, 0.57, 42.80, 5.93, 96.50, 0.04, 96.02, NA, NA, NA, NA, 0.00, 0.00, 2718.00, 55.19, 0.64, 64.20, 0.00, 0.00, 3.00, 7.50
94153, NA, NA, 0.57, 42.80, 5.93, 96.50, 0.04, 96.02, NA, NA, NA, NA, 40.00, 100.00, 2718.00, 55.19, 0.64, 64.20, 34.00, 85.00, 40.00, 100.00
94150, NA, NA, 0.57, 42.80, 5.93, 96.50, 0.04, 96.02, NA, NA, NA, NA, 40.00, 100.00, 2718.00, 55.19, 0.64, 64.20, 24.00, 60.00, 40.00, 100.00
94151, NA, NA, NA, NA, NA, NA, NA, NA, NA, NA, NA, NA, 40.00, 100.00, NA, NA, NA, NA, 34.00, 85.00, 40.00, 100.00
94158, 20.78, 17.91, 0.57, 42.80, 5.93, 96.50, 0.04, 96.02, 60.32, 73.02, 11.50, 77.18, 40.00, 100.00, 2718.00, 55.19, 0.64, 64.20, 12.00, 30.00, 40.00, 100.00
94159, NA, NA, 0.57, 42.80, 5.93, 96.50, 0.04, 96.02, NA, NA, NA, NA, 40.00, 100.00, 2718.00, 55.19, 0.64, 64.20, 11.00, 27.50, 40.00, 100.00
95688, 25.87, 29.46, NA, NA, NA, NA, NA, NA, 62.07, 92.12, 8.90, 82.34, 0.00, 0.00, NA, NA, NA, NA, 0.00, 0.00, 0.00, 0.00
95173, NA, NA, 0.40, 60.40, 46.30, 54.17, 0.06, 95.87, NA, NA, NA, NA, 40.00, 100.00, 1475.00, 75.68, 0.61, 61.20, 5.00, 12.50, 40.00, 100.00
95172, NA, NA, 0.40, 60.40, 46.30, 54.17, 0.06, 95.87, NA, NA, NA, NA, 24.00, 60.00, 1475.00, 75.68, 0.61, 61.20, 3.00, 7.50, 40.00, 100.00
95170, NA, NA, 0.40, 60.40, 46.30, 54.17, 0.06, 95.87, NA, NA, NA, NA, 5.00, 12.50, 1475.00, 75.68, 0.61, 61.20, 2.00, 5.00, 27.00, 67.50
94541, 18.04, 11.70, 0.43, 56.50, 24.94, 76.57, 0.03, 96.08, 58.84, 56.95, 14.60, 71.03, 4.00, 10.00, 2086.00, 65.61, 0.62, 62.30, 1.00, 2.50, 35.00, 87.50
94540, NA, NA, 0.43, 56.50, 24.94, 76.57, 0.03, 96.08, NA, NA, NA, NA, 11.00, 27.50, 2086.00, 65.61, 0.62, 62.30, 0.00, 0.00, 40.00, 100.00
95018, 50.48, 85.24, 0.26, 74.20, 14.24, 87.79, 2.86, 74.64, 58.53, 53.59, 4.20, 91.67, 9.00, 22.50, 0.00, 100.00, 0.64, 64.30, 1.00, 2.50, 29.00, 72.50
95019, 21.89, 20.41, 0.37, 63.30, 37.80, 63.08, -0.49, 100.00, 57.26, 39.74, 27.40, 45.63, 1.00, 2.50, 0.00, 100.00, 0.64, 63.60, 0.00, 0.00, 25.00, 62.50
94543, NA, NA, 0.43, 56.50, 24.94, 76.57, 0.03, 96.08, NA, NA, NA, NA, 14.00, 35.00, 2086.00, 65.61, 0.62, 62.30, 3.00, 7.50, 40.00, 100.00
94542, NA, NA, 0.43, 56.50, 24.94, 76.57, 0.03, 96.08, NA, NA, 16.90, 66.47, 1.00, 2.50, 2086.00, 65.61, 0.62, 62.30, 0.00, 0.00, 0.00, 0.00
94545, 18.04, 11.70, 0.43, 56.50, 24.94, 76.57, 0.03, 96.08, 58.84, 56.95, 8.90, 82.34, 1.00, 2.50, 2086.00, 65.61, 0.62, 62.30, 0.00, 0.00, 2.00, 5.00
94544, 18.04, 11.70, 0.43, 56.50, 24.94, 76.57, 0.03, 96.08, 58.84, 56.95, 13.00, 74.21, 2.00, 5.00, 2086.00, 65.61, 0.62, 62.30, 0.00, 0.00, 25.00, 62.50
94547, NA, NA, 0.23, 77.40, 21.86, 79.80, 0.23, 94.52, NA, NA, 6.70, 86.71, 17.00, 42.50, 901.00, 85.15, 0.67, 66.80, 0.00, 0.00, 40.00, 100.00
94546, NA, NA, 0.30, 69.70, 46.06, 54.42, 0.07, 95.76, NA, NA, 7.60, 84.92, 1.00, 2.50, 0.00, 100.00, 0.62, 61.70, 0.00, 0.00, 3.00, 7.50
95010, 31.35, 41.87, 0.49, 50.60, 26.24, 75.20, -0.01, 96.39, 58.82, 56.68, 8.30, 83.53, 9.00, 22.50, 3105.00, 48.81, 0.62, 61.80, 1.00, 2.50, 40.00, 100.00
95011, NA, NA, 0.46, 54.40, 36.34, 64.62, 0.03, 96.06, NA, NA, NA, NA, 10.00, 25.00, 1592.00, 73.76, 0.67, 67.20, 1.00, 2.50, 40.00, 100.00
95013, NA, NA, 0.00, 100.00, 48.45, 51.92, 0.00, 96.30, NA, NA, 0.00, 100.00, 2.00, 5.00, 0.00, 100.00, 0.00, 0.00, 1.00, 2.50, 9.00, 22.50
95014, NA, NA, NA, NA, NA, NA, NA, NA, NA, NA, 5.50, 89.09, 4.00, 10.00, NA, NA, NA, NA, 0.00, 0.00, 2.00, 5.00
95015, 39.28, 59.85, 0.34, 65.90, 19.32, 82.46, 0.15, 95.14, NA, NA, NA, NA, 11.00, 27.50, 684.00, 88.72, 0.52, 52.00, 3.00, 7.50, 40.00, 100.00
95017, NA, NA, 0.42, 58.40, 9.97, 92.26, 0.32, 93.87, NA, NA, 11.00, 78.17, 0.00, 0.00, 0.00, 100.00, 0.93, 93.00, 0.00, 0.00, 0.00, 0.00
94938, NA, NA, 0.00, 100.00, 9.26, 93.01, 0.00, 96.30, NA, NA, 3.80, 92.46, 1.00, 2.50, 0.00, 100.00, 0.00, 0.00, 0.00, 0.00, 2.00, 5.00
94939, 43.12, 68.56, 0.50, 49.90, 15.02, 86.97, -0.01, 96.36, 58.67, 55.04, 1.80, 96.43, 19.00, 47.50, 0.00, 100.00, 0.60, 59.70, 0.00, 0.00, 40.00, 100.00
94930, NA, NA, 0.41, 59.50, 10.74, 91.46, 0.02, 96.17, NA, NA, 5.40, 89.29, 11.00, 27.50, 840.00, 86.15, 0.77, 76.50, 2.00, 5.00, 40.00, 100.00
94931, 26.65, 31.22, 0.44, 56.20, 14.62, 87.39, 0.12, 95.37, 58.15, 49.41, 8.80, 82.54, 2.00, 5.00, 1314.00, 78.34, 0.67, 67.10, 0.00, 0.00, 7.00, 17.50
94933, NA, NA, 0.00, 100.00, 9.22, 93.05, 0.00, 96.30, NA, NA, 5.80, 88.49, 0.00, 0.00, 0.00, 100.00, 0.00, 0.00, 0.00, 0.00, 0.00, 0.00
94937, NA, NA, 0.19, 80.60, 12.37, 89.75, -0.08, 96.92, NA, NA, 9.50, 81.15, 1.00, 2.50, 0.00, 100.00, 0.66, 66.00, 0.00, 0.00, 0.00, 0.00
95450, 39.87, 61.19, 0.22, 78.00, 6.32, 96.09, 0.37, 93.47, 54.17, 5.99, 8.50, 83.13, 3.00, 7.50, 0.00, 100.00, 0.67, 66.70, 0.00, 0.00, 8.00, 20.00
94188, NA, NA, 0.57, 42.80, 5.93, 96.50, 0.04, 96.02, NA, NA, NA, NA, 9.00, 22.50, 2718.00, 55.19, 0.64, 64.20, 1.00, 2.50, 25.00, 62.50
95452, NA, NA, 0.18, 82.10, 14.38, 87.64, 1.23, 87.02, NA, NA, 4.00, 92.06, 5.00, 12.50, 0.00, 100.00, 0.65, 64.70, 0.00, 0.00, 34.00, 85.00
95304, 12.96, 0.19, 0.32, 68.50, 8.55, 93.75, 0.46, 92.84, 61.89, 90.15, 8.00, 84.13, 0.00, 0.00, 1241.00, 79.54, 0.63, 63.30, 0.00, 0.00, 0.00, 0.00
95269, 17.77, 11.09, 0.43, 56.70, 4.57, 97.92, 0.20, 94.81, 62.22, 93.73, NA, NA, 1.00, 2.50, 4003.00, 34.01, 0.57, 56.90, 0.00, 0.00, 40.00, 100.00
95267, 17.77, 11.09, 0.43, 56.70, 4.57, 97.92, 0.20, 94.81, 62.22, 93.73, NA, NA, 2.00, 5.00, 4003.00, 34.01, 0.57, 56.90, 0.00, 0.00, 40.00, 100.00
95065, 31.35, 41.87, 0.50, 49.70, 24.00, 77.55, 0.10, 95.56, 58.82, 56.68, 6.50, 87.10, 1.00, 2.50, 2810.00, 53.68, 0.58, 58.10, 0.00, 0.00, 0.00, 0.00
95064, NA, NA, 0.50, 49.70, 24.00, 77.55, 0.10, 95.56, NA, NA, 22.60, 55.16, 5.00, 12.50, 2810.00, 53.68, 0.58, 58.10, 0.00, 0.00, 13.00, 32.50
95067, NA, NA, 0.24, 75.90, 26.80, 74.62, 0.02, 96.17, NA, NA, NA, NA, 3.00, 7.50, 1016.00, 83.25, 0.62, 62.30, 1.00, 2.50, 26.00, 65.00
95066, 50.48, 85.24, 0.24, 75.90, 26.80, 74.62, 0.02, 96.17, 58.53, 53.59, 4.50, 91.07, 4.00, 10.00, 1016.00, 83.25, 0.62, 62.30, 0.00, 0.00, 5.00, 12.50
95061, NA, NA, 0.50, 49.70, 24.00, 77.55, 0.10, 95.56, NA, NA, NA, NA, 3.00, 7.50, 2810.00, 53.68, 0.58, 58.10, 0.00, 0.00, 8.00, 20.00
95060, NA, NA, NA, NA, NA, NA, NA, NA, NA, NA, 19.80, 60.71, 4.00, 10.00, NA, NA, NA, NA, 0.00, 0.00, 1.00, 2.50
95063, 31.35, 41.87, 0.50, 49.70, 24.00, 77.55, 0.10, 95.56, 58.82, 56.68, NA, NA, 12.00, 30.00, 2810.00, 53.68, 0.58, 58.10, 1.00, 2.50, 40.00, 100.00
95062, 31.35, 41.87, 0.50, 49.70, 24.00, 77.55, 0.10, 95.56, 58.82, 56.68, 15.10, 70.04, 8.00, 20.00, 2810.00, 53.68, 0.58, 58.10, 1.00, 2.50, 13.00, 32.50
94949, NA, NA, NA, NA, NA, NA, NA, NA, NA, NA, 9.00, 82.14, 1.00, 2.50, NA, NA, NA, NA, 0.00, 0.00, 2.00, 5.00
94948, NA, NA, 0.31, 68.80, 11.76, 90.39, 0.09, 95.62, NA, NA, NA, NA, 12.00, 30.00, 1001.00, 83.50, 0.62, 62.50, 0.00, 0.00, 40.00, 100.00
94945, NA, NA, NA, NA, NA, NA, NA, NA, NA, NA, 5.50, 89.09, 1.00, 2.50, NA, NA, NA, NA, 0.00, 0.00, 1.00, 2.50
94947, NA, NA, 0.31, 68.80, 11.76, 90.39, 0.09, 95.62, NA, NA, 4.60, 90.87, 1.00, 2.50, 1001.00, 83.50, 0.62, 62.50, 0.00, 0.00, 0.00, 0.00
94946, NA, NA, 0.00, 100.00, 8.78, 93.51, 12.71, 0.00, NA, NA, 4.70, 90.67, 35.00, 87.50, 0.00, 100.00, 0.22, 22.20, 0.00, 0.00, 9.00, 22.50
94941, 38.26, 57.54, NA, NA, NA, NA, NA, NA, NA, NA, 6.10, 87.90, 4.00, 10.00, NA, NA, NA, NA, 0.00, 0.00, 2.00, 5.00
94940, NA, NA, 0.00, 100.00, 8.83, 93.46, 0.00, 96.30, NA, NA, 20.40, 59.52, 1.00, 2.50, 0.00, 100.00, 0.00, 0.00, 0.00, 0.00, 0.00, 0.00
94942, NA, NA, 0.29, 71.40, 14.34, 87.68, 0.02, 96.13, NA, NA, NA, NA, 19.00, 47.50, 664.00, 89.05, 0.57, 56.70, 1.00, 2.50, 40.00, 100.00
95439, 41.50, 64.88, 0.41, 58.60, 30.72, 70.51, -0.09, 97.00, 59.13, 60.08, 21.60, 57.14, 5.00, 12.50, 0.00, 100.00, 0.76, 76.40, 0.00, 0.00, 26.00, 65.00
95425, 44.62, 71.96, NA, NA, NA, NA, NA, NA, 60.22, 71.93, 9.90, 80.36, 2.00, 5.00, NA, NA, NA, NA, 0.00, 0.00, 16.00, 40.00
95421, 39.87, 61.19, 0.12, 87.50, 4.83, 97.65, -0.02, 96.47, 54.17, 5.99, 9.80, 80.56, 0.00, 0.00, 0.00, 100.00, 0.72, 72.10, 0.00, 0.00, 0.00, 0.00
95117, NA, NA, 0.40, 60.40, 46.30, 54.17, 0.06, 95.87, NA, NA, 14.30, 71.63, 3.00, 7.50, 1475.00, 75.68, 0.61, 61.20, 3.00, 7.50, 30.00, 75.00
94118, NA, NA, 0.57, 42.80, 5.93, 96.50, 0.04, 96.02, NA, NA, 10.70, 78.77, 40.00, 100.00, 2718.00, 55.19, 0.64, 64.20, 5.00, 12.50, 40.00, 100.00
94119, NA, NA, 0.57, 42.80, 5.93, 96.50, 0.04, 96.02, NA, NA, NA, NA, 40.00, 100.00, 2718.00, 55.19, 0.64, 64.20, 18.00, 45.00, 40.00, 100.00
94112, NA, NA, 0.57, 42.80, 5.93, 96.50, 0.04, 96.02, NA, NA, 10.60, 78.97, 28.00, 70.00, 2718.00, 55.19, 0.64, 64.20, 3.00, 7.50, 40.00, 100.00
94110, NA, NA, 0.57, 42.80, 5.93, 96.50, 0.04, 96.02, NA, NA, 12.50, 75.20, 40.00, 100.00, 2718.00, 55.19, 0.64, 64.20, 29.00, 72.50, 40.00, 100.00
94111, NA, NA, 0.57, 42.80, 5.93, 96.50, 0.04, 96.02, NA, NA, 11.40, 77.38, 40.00, 100.00, 2718.00, 55.19, 0.64, 64.20, 29.00, 72.50, 40.00, 100.00
94116, 20.68, 17.68, 0.57, 42.80, 5.93, 96.50, 0.04, 96.02, 55.29, 18.26, 9.50, 81.15, 11.00, 27.50, 2718.00, 55.19, 0.64, 64.20, 1.00, 2.50, 40.00, 100.00
94117, 23.65, 24.42, 0.57, 42.80, 5.93, 96.50, 0.04, 96.02, 57.33, 40.51, 11.00, 78.17, 40.00, 100.00, 2718.00, 55.19, 0.64, 64.20, 23.00, 57.50, 40.00, 100.00
94114, 23.65, 24.42, 0.57, 42.80, 5.93, 96.50, 0.04, 96.02, 57.33, 40.51, 6.10, 87.90, 40.00, 100.00, 2718.00, 55.19, 0.64, 64.20, 20.00, 50.00, 40.00, 100.00
94115, NA, NA, 0.57, 42.80, 5.93, 96.50, 0.04, 96.02, NA, NA, 14.80, 70.63, 40.00, 100.00, 2718.00, 55.19, 0.64, 64.20, 18.00, 45.00, 40.00, 100.00
94533, 24.81, 27.05, NA, NA, NA, NA, NA, NA, 60.98, 80.29, 16.10, 68.06, 5.00, 12.50, NA, NA, NA, NA, 0.00, 0.00, 40.00, 100.00
95430, 56.99, 100.00, 0.00, 100.00, 7.43, 94.93, 0.00, 96.30, 55.54, 20.94, NA, NA, 0.00, 0.00, 0.00, 100.00, 0.00, 0.00, 0.00, 0.00, 0.00, 0.00
95431, 31.43, 42.05, 0.43, 57.10, 11.54, 90.62, -0.20, 97.79, 58.81, 56.58, NA, NA, 6.00, 15.00, 0.00, 100.00, 0.31, 31.40, 0.00, 0.00, 40.00, 100.00
95133, NA, NA, 0.40, 60.40, 46.30, 54.17, 0.06, 95.87, NA, NA, 16.30, 67.66, 5.00, 12.50, 1475.00, 75.68, 0.61, 61.20, 0.00, 0.00, 12.00, 30.00
94606, NA, NA, 0.53, 47.10, 66.09, 33.42, -0.02, 96.47, NA, NA, 24.60, 51.19, 24.00, 60.00, 5091.00, 16.07, 0.60, 60.50, 4.00, 10.00, 40.00, 100.00
94607, 23.96, 25.12, 0.53, 47.10, 66.09, 33.42, -0.02, 96.47, 59.17, 60.58, 29.10, 42.26, 5.00, 12.50, 5091.00, 16.07, 0.60, 60.50, 0.00, 0.00, 11.00, 27.50
94604, NA, NA, 0.53, 47.10, 66.09, 33.42, -0.02, 96.47, NA, NA, NA, NA, 40.00, 100.00, 5091.00, 16.07, 0.60, 60.50, 11.00, 27.50, 40.00, 100.00
94605, 26.69, 31.31, 0.53, 47.10, 66.09, 33.42, -0.02, 96.47, NA, NA, 17.80, 64.68, 5.00, 12.50, 5091.00, 16.07, 0.60, 60.50, 0.00, 0.00, 4.00, 10.00
94602, NA, NA, 0.53, 47.10, 66.09, 33.42, -0.02, 96.47, NA, NA, 9.00, 82.14, 15.00, 37.50, 5091.00, 16.07, 0.60, 60.50, 1.00, 2.50, 40.00, 100.00
94603, 23.75, 24.64, 0.53, 47.10, 66.09, 33.42, -0.02, 96.47, 57.49, 42.23, 25.00, 50.40, 2.00, 5.00, 5091.00, 16.07, 0.60, 60.50, 0.00, 0.00, 15.00, 37.50
94601, NA, NA, 0.53, 47.10, 66.09, 33.42, -0.02, 96.47, NA, NA, 25.30, 49.80, 7.00, 17.50, 5091.00, 16.07, 0.60, 60.50, 0.00, 0.00, 40.00, 100.00
95236, NA, NA, 0.26, 74.30, 3.92, 98.61, 0.62, 91.63, NA, NA, 13.40, 73.41, 0.00, 0.00, 0.00, 100.00, 0.59, 58.90, 0.00, 0.00, 0.00, 0.00
94608, NA, NA, 0.56, 44.40, 66.76, 32.72, 0.46, 92.78, NA, NA, 13.80, 72.62, 39.00, 97.50, 6066.00, 0.00, 0.69, 68.70, 4.00, 10.00, 40.00, 100.00
94609, NA, NA, 0.53, 47.10, 66.09, 33.42, -0.02, 96.47, NA, NA, 15.90, 68.45, 22.00, 55.00, 5091.00, 16.07, 0.60, 60.50, 8.00, 20.00, 40.00, 100.00
95205, NA, NA, 0.43, 56.70, 4.57, 97.92, 0.20, 94.81, NA, NA, 29.90, 40.67, 8.00, 20.00, 4003.00, 34.01, 0.57, 56.90, 0.00, 0.00, 19.00, 47.50
95237, 19.45, 14.91, 0.34, 65.90, 3.10, 99.47, 0.02, 96.17, NA, NA, 14.10, 72.02, 23.00, 57.50, 0.00, 100.00, 0.45, 44.50, 0.00, 0.00, 9.00, 22.50
95139, NA, NA, 0.40, 60.40, 46.30, 54.17, 0.06, 95.87, NA, NA, 5.50, 89.09, 1.00, 2.50, 1475.00, 75.68, 0.61, 61.20, 0.00, 0.00, 3.00, 7.50
95138, 26.13, 30.04, 0.40, 60.40, 46.30, 54.17, 0.06, 95.87, 54.52, 9.90, 3.40, 93.25, 1.00, 2.50, 1475.00, 75.68, 0.61, 61.20, 0.00, 0.00, 1.00, 2.50
95492, 41.50, 64.88, 0.23, 77.10, 14.95, 87.04, 0.18, 94.95, 59.13, 60.08, 5.30, 89.48, 4.00, 10.00, 806.00, 86.71, 0.66, 65.70, 1.00, 2.50, 25.00, 62.50
95201, NA, NA, 0.43, 56.70, 4.57, 97.92, 0.20, 94.81, NA, NA, NA, NA, 10.00, 25.00, 4003.00, 34.01, 0.57, 56.90, 1.00, 2.50, 40.00, 100.00
95203, NA, NA, 0.43, 56.70, 4.57, 97.92, 0.20, 94.81, NA, NA, 23.00, 54.37, 8.00, 20.00, 4003.00, 34.01, 0.57, 56.90, 0.00, 0.00, 13.00, 32.50
95202, NA, NA, 0.43, 56.70, 4.57, 97.92, 0.20, 94.81, NA, NA, 50.40, 0.00, 9.00, 22.50, 4003.00, 34.01, 0.57, 56.90, 0.00, 0.00, 40.00, 100.00
95128, NA, NA, 0.40, 60.40, 46.30, 54.17, 0.06, 95.87, NA, NA, 11.90, 76.39, 8.00, 20.00, 1475.00, 75.68, 0.61, 61.20, 3.00, 7.50, 40.00, 100.00
95129, NA, NA, 0.40, 60.40, 46.30, 54.17, 0.06, 95.87, NA, NA, 5.90, 88.29, 10.00, 25.00, 1475.00, 75.68, 0.61, 61.20, 0.00, 0.00, 40.00, 100.00
95124, 23.08, 23.12, 0.40, 60.40, 46.30, 54.17, 0.06, 95.87, 59.20, 60.85, 5.00, 90.08, 7.00, 17.50, 1475.00, 75.68, 0.61, 61.20, 1.00, 2.50, 17.00, 42.50
95125, NA, NA, 0.40, 60.40, 46.30, 54.17, 0.06, 95.87, NA, NA, 7.10, 85.91, 5.00, 12.50, 1475.00, 75.68, 0.61, 61.20, 1.00, 2.50, 10.00, 25.00
95126, NA, NA, 0.40, 60.40, 46.30, 54.17, 0.06, 95.87, NA, NA, 13.80, 72.62, 14.00, 35.00, 1475.00, 75.68, 0.61, 61.20, 1.00, 2.50, 40.00, 100.00
95127, NA, NA, 0.40, 60.40, 46.30, 54.17, 0.06, 95.87, NA, NA, 10.10, 79.96, 1.00, 2.50, 1475.00, 75.68, 0.61, 61.20, 0.00, 0.00, 3.00, 7.50
95120, NA, NA, 0.40, 60.40, 46.30, 54.17, 0.06, 95.87, NA, NA, 2.80, 94.44, 1.00, 2.50, 1475.00, 75.68, 0.61, 61.20, 0.00, 0.00, 2.00, 5.00
95121, 26.13, 30.04, 0.40, 60.40, 46.30, 54.17, 0.06, 95.87, 54.52, 9.90, 10.20, 79.76, 5.00, 12.50, 1475.00, 75.68, 0.61, 61.20, 1.00, 2.50, 39.00, 97.50
95122, NA, NA, 0.40, 60.40, 46.30, 54.17, 0.06, 95.87, NA, NA, 18.80, 62.70, 2.00, 5.00, 1475.00, 75.68, 0.61, 61.20, 0.00, 0.00, 33.00, 82.50
95123, NA, NA, 0.40, 60.40, 46.30, 54.17, 0.06, 95.87, NA, NA, 7.50, 85.12, 4.00, 10.00, 1475.00, 75.68, 0.61, 61.20, 1.00, 2.50, 16.00, 40.00
94998, NA, NA, 0.31, 68.80, 11.76, 90.39, 0.09, 95.62, NA, NA, NA, NA, 12.00, 30.00, 1001.00, 83.50, 0.62, 62.50, 0.00, 0.00, 40.00, 100.00
94999, 26.65, 31.22, 0.32, 68.40, 16.12, 85.81, 0.06, 95.83, 58.15, 49.41, NA, NA, 3.00, 7.50, 1044.00, 82.79, 0.64, 63.70, 0.00, 0.00, 27.00, 67.50
95021, 20.54, 17.37, 0.37, 62.80, 50.64, 49.62, 0.18, 94.96, 60.67, 76.93, NA, NA, 3.00, 7.50, 1741.00, 71.30, 0.61, 61.20, 0.00, 0.00, 40.00, 100.00
95020, 20.54, 17.37, 0.37, 62.80, 50.64, 49.62, 0.18, 94.96, 60.67, 76.93, 11.60, 76.98, 2.00, 5.00, 1741.00, 71.30, 0.61, 61.20, 0.00, 0.00, 40.00, 100.00
94309, NA, NA, 0.40, 59.80, 22.45, 79.18, 0.10, 95.55, NA, NA, NA, NA, 31.00, 77.50, 1001.00, 83.50, 0.55, 55.40, 2.00, 5.00, 40.00, 100.00
95024, 15.12, 5.09, 0.38, 62.30, 75.22, 23.85, 0.01, 96.19, 57.48, 42.10, NA, NA, 1.00, 2.50, 1555.00, 74.37, 0.63, 62.80, 1.00, 2.50, 40.00, 100.00
95026, NA, NA, 0.00, 100.00, 25.17, 76.33, 0.00, 96.30, NA, NA, NA, NA, 14.00, 35.00, 0.00, 100.00, 0.00, 0.00, 2.00, 5.00, 40.00, 100.00
94303, 16.15, 7.41, NA, NA, NA, NA, NA, NA, 58.46, 52.77, 11.80, 76.59, 9.00, 22.50, NA, NA, NA, NA, 0.00, 0.00, 7.00, 17.50
94302, NA, NA, 0.40, 59.80, 22.45, 79.18, 0.10, 95.55, NA, NA, NA, NA, 30.00, 75.00, 1001.00, 83.50, 0.55, 55.40, 2.00, 5.00, 40.00, 100.00
94301, 16.15, 7.41, 0.40, 59.80, 22.45, 79.18, 0.10, 95.55, 58.46, 52.77, 8.00, 84.13, 25.00, 62.50, 1001.00, 83.50, 0.55, 55.40, 6.00, 15.00, 40.00, 100.00
94306, 16.15, 7.41, 0.40, 59.80, 22.45, 79.18, 0.10, 95.55, 58.46, 52.77, 7.40, 85.32, 12.00, 30.00, 1001.00, 83.50, 0.55, 55.40, 1.00, 2.50, 26.00, 65.00
94305, 16.15, 7.41, 0.70, 30.10, 23.13, 78.47, 0.04, 96.02, 58.46, 52.77, 17.50, 65.28, 13.00, 32.50, 0.00, 100.00, 0.47, 47.50, 2.00, 5.00, 40.00, 100.00
94304, 22.88, 22.67, 0.40, 59.80, 22.45, 79.18, 0.10, 95.55, 59.00, 58.67, 4.40, 91.27, 2.00, 5.00, 1001.00, 83.50, 0.55, 55.40, 0.00, 0.00, 2.00, 5.00
94901, 41.60, 65.12, 0.46, 54.30, 14.23, 87.80, 0.03, 96.08, 58.52, 53.45, 10.90, 78.37, 10.00, 25.00, 1674.00, 72.40, 0.63, 63.40, 0.00, 0.00, 37.00, 92.50
94903, 35.23, 50.67, NA, NA, NA, NA, NA, NA, 58.38, 51.86, 6.50, 87.10, 6.00, 15.00, NA, NA, NA, NA, 0.00, 0.00, 6.00, 15.00
94904, 43.12, 68.56, NA, NA, NA, NA, NA, NA, 58.67, 55.04, 4.70, 90.67, 2.00, 5.00, NA, NA, NA, NA, 0.00, 0.00, 28.00, 70.00
94518, 17.29, 10.00, 0.36, 63.70, 49.91, 50.39, 0.00, 96.28, 61.13, 81.88, 11.40, 77.38, 4.00, 10.00, 1832.00, 69.80, 0.63, 62.80, 0.00, 0.00, 14.00, 35.00
94519, 17.29, 10.00, 0.36, 63.70, 49.91, 50.39, 0.00, 96.28, 61.13, 81.88, 8.30, 83.53, 1.00, 2.50, 1832.00, 69.80, 0.63, 62.80, 0.00, 0.00, 7.00, 17.50
94516, NA, NA, 0.00, 100.00, 89.41, 8.97, 0.00, 96.30, NA, NA, 5.70, 88.69, 1.00, 2.50, 0.00, 100.00, 0.00, 0.00, 0.00, 0.00, 2.00, 5.00
94517, 25.04, 27.57, 0.11, 89.10, 31.92, 69.25, 0.01, 96.21, 58.70, 55.40, 3.60, 92.86, 1.00, 2.50, 572.00, 90.57, 0.61, 61.00, 0.00, 0.00, 0.00, 0.00
94514, 12.88, 0.00, 0.44, 55.60, 14.33, 87.69, 0.39, 93.32, 62.79, 100.00, 12.90, 74.40, 0.00, 0.00, 0.00, 100.00, 0.48, 47.70, 0.00, 0.00, 1.00, 2.50
94515, 42.03, 66.10, 0.36, 63.60, 11.88, 90.26, -0.01, 96.35, 59.70, 66.30, 11.40, 77.38, 1.00, 2.50, 959.00, 84.19, 0.48, 47.70, 0.00, 0.00, 4.00, 10.00
94512, NA, NA, NA, NA, NA, NA, NA, NA, NA, NA, 0.00, 100.00, 0.00, 0.00, NA, NA, NA, NA, 0.00, 0.00, 0.00, 0.00
94513, 13.22, 0.77, 0.23, 77.20, 16.51, 85.41, 1.21, 87.14, 61.50, 85.92, 5.30, 89.48, 7.00, 17.50, 1071.00, 82.34, 0.60, 59.90, 0.00, 0.00, 40.00, 100.00
94510, 20.23, 16.66, NA, NA, NA, NA, NA, NA, 58.42, 52.41, 6.60, 86.90, 1.00, 2.50, NA, NA, NA, NA, 0.00, 0.00, 0.00, 0.00
94511, NA, NA, 0.14, 85.90, 8.96, 93.32, -0.08, 96.87, NA, NA, 11.60, 76.98, 6.00, 15.00, 0.00, 100.00, 0.37, 36.70, 0.00, 0.00, 12.00, 30.00
95462, 55.41, 96.42, NA, NA, NA, NA, NA, NA, NA, NA, 13.80, 72.62, 1.00, 2.50, NA, NA, NA, NA, 0.00, 0.00, 1.00, 2.50
95465, 56.99, 100.00, 0.18, 82.20, 7.17, 95.20, -0.12, 97.24, 55.54, 20.94, 11.60, 76.98, 0.00, 0.00, 0.00, 100.00, 0.50, 49.80, 0.00, 0.00, 1.00, 2.50
94017, NA, NA, 0.41, 59.10, 97.97, 0.00, -0.02, 96.48, NA, NA, NA, NA, 25.00, 62.50, 1028.00, 83.05, 0.64, 64.00, 1.00, 2.50, 40.00, 100.00
94016, NA, NA, 0.41, 59.10, 97.97, 0.00, -0.02, 96.48, NA, NA, NA, NA, 11.00, 27.50, 1028.00, 83.05, 0.64, 64.00, 0.00, 0.00, 40.00, 100.00
94015, NA, NA, 0.41, 59.10, 97.97, 0.00, -0.02, 96.48, NA, NA, 7.60, 84.92, 5.00, 12.50, 1028.00, 83.05, 0.64, 64.00, 0.00, 0.00, 21.00, 52.50
94014, NA, NA, 0.41, 59.10, 97.97, 0.00, -0.02, 96.48, NA, NA, 9.10, 81.94, 14.00, 35.00, 1028.00, 83.05, 0.64, 64.00, 0.00, 0.00, 40.00, 100.00
94013, 20.68, 17.68, 0.41, 59.10, 97.97, 0.00, -0.02, 96.48, 55.29, 18.26, NA, NA, 0.00, 0.00, 1028.00, 83.05, 0.64, 64.00, 0.00, 0.00, 3.00, 7.50
95231, 14.06, 2.68, 0.45, 55.40, 4.75, 97.74, -0.18, 97.65, 61.32, 83.92, 21.20, 57.94, 2.00, 5.00, 0.00, 100.00, 0.45, 45.40, 0.00, 0.00, 4.00, 10.00
94011, NA, NA, 0.49, 50.60, 24.39, 77.14, 0.02, 96.13, NA, NA, NA, NA, 15.00, 37.50, 1203.00, 80.17, 0.61, 61.10, 1.00, 2.50, 40.00, 100.00
94010, 24.82, 27.08, 0.49, 50.60, 24.39, 77.14, 0.02, 96.13, 56.17, 27.84, 5.40, 89.29, 1.00, 2.50, 1203.00, 80.17, 0.61, 61.10, 0.00, 0.00, 4.00, 10.00
94019, 29.00, 36.55, 0.27, 72.80, 18.57, 83.25, -0.04, 96.63, 54.18, 6.18, 4.90, 90.28, 1.00, 2.50, 869.00, 85.67, 0.63, 63.00, 0.00, 0.00, 0.00, 0.00
94018, 29.00, 36.55, 0.25, 74.80, 22.69, 78.93, -0.04, 96.64, 54.18, 6.18, NA, NA, 6.00, 15.00, 0.00, 100.00, 0.68, 68.40, 0.00, 0.00, 29.00, 72.50
95337, NA, NA, 0.36, 64.00, 4.80, 97.68, 0.36, 93.56, NA, NA, 8.70, 82.74, 0.00, 0.00, 1780.00, 70.66, 0.65, 64.80, 0.00, 0.00, 0.00, 0.00
95336, 14.06, 2.68, 0.36, 64.00, 4.80, 97.68, 0.36, 93.56, 61.32, 83.92, 10.20, 79.76, 1.00, 2.50, 1780.00, 70.66, 0.65, 64.80, 0.00, 0.00, 1.00, 2.50
95330, NA, NA, 0.22, 78.20, 5.29, 97.17, 0.73, 90.81, NA, NA, 9.90, 80.36, 4.00, 10.00, 0.00, 100.00, 0.57, 57.50, 0.00, 0.00, 30.00, 75.00
94163, NA, NA, 0.57, 42.80, 5.93, 96.50, 0.04, 96.02, NA, NA, NA, NA, 40.00, 100.00, 2718.00, 55.19, 0.64, 64.20, 34.00, 85.00, 40.00, 100.00
94162, NA, NA, 0.57, 42.80, 5.93, 96.50, 0.04, 96.02, NA, NA, NA, NA, 40.00, 100.00, 2718.00, 55.19, 0.64, 64.20, 34.00, 85.00, 40.00, 100.00
94161, NA, NA, 0.57, 42.80, 5.93, 96.50, 0.04, 96.02, NA, NA, NA, NA, 40.00, 100.00, 2718.00, 55.19, 0.64, 64.20, 34.00, 85.00, 40.00, 100.00
94649, NA, NA, 0.53, 47.10, 66.09, 33.42, -0.02, 96.47, NA, NA, NA, NA, 35.00, 87.50, 5091.00, 16.07, 0.60, 60.50, 2.00, 5.00, 40.00, 100.00
94164, NA, NA, 0.57, 42.80, 5.93, 96.50, 0.04, 96.02, NA, NA, NA, NA, 40.00, 100.00, 2718.00, 55.19, 0.64, 64.20, 29.00, 72.50, 40.00, 100.00
95160, NA, NA, 0.40, 60.40, 46.30, 54.17, 0.06, 95.87, NA, NA, NA, NA, 5.00, 12.50, 1475.00, 75.68, 0.61, 61.20, 0.00, 0.00, 7.00, 17.50
95161, NA, NA, 0.40, 60.40, 46.30, 54.17, 0.06, 95.87, NA, NA, NA, NA, 9.00, 22.50, 1475.00, 75.68, 0.61, 61.20, 0.00, 0.00, 40.00, 100.00
95164, NA, NA, 0.40, 60.40, 46.30, 54.17, 0.06, 95.87, NA, NA, NA, NA, 4.00, 10.00, 1475.00, 75.68, 0.61, 61.20, 0.00, 0.00, 33.00, 82.50
94709, 26.74, 31.42, 0.53, 47.10, 74.09, 25.04, 0.10, 95.58, 58.05, 48.32, 13.60, 73.02, 40.00, 100.00, 2878.00, 52.56, 0.57, 56.60, 18.00, 45.00, 40.00, 100.00
94708, 26.74, 31.42, 0.53, 47.10, 74.09, 25.04, 0.10, 95.58, 58.05, 48.32, 3.60, 92.86, 7.00, 17.50, 2878.00, 52.56, 0.57, 56.60, 0.00, 0.00, 1.00, 2.50
94707, NA, NA, NA, NA, NA, NA, NA, NA, NA, NA, 3.30, 93.45, 24.00, 60.00, NA, NA, NA, NA, 2.00, 5.00, 40.00, 100.00
94706, NA, NA, NA, NA, NA, NA, NA, NA, NA, NA, 10.60, 78.97, 40.00, 100.00, NA, NA, NA, NA, 4.00, 10.00, 40.00, 100.00
94705, NA, NA, 0.53, 47.10, 74.09, 25.04, 0.10, 95.58, NA, NA, 10.00, 80.16, 6.00, 15.00, 2878.00, 52.56, 0.57, 56.60, 1.00, 2.50, 7.00, 17.50
94704, 26.74, 31.42, 0.53, 47.10, 74.09, 25.04, 0.10, 95.58, 58.05, 48.32, 39.90, 20.83, 40.00, 100.00, 2878.00, 52.56, 0.57, 56.60, 22.00, 55.00, 40.00, 100.00
94703, 26.74, 31.42, 0.53, 47.10, 74.09, 25.04, 0.10, 95.58, 58.05, 48.32, 18.90, 62.50, 10.00, 25.00, 2878.00, 52.56, 0.57, 56.60, 5.00, 12.50, 40.00, 100.00
94702, NA, NA, 0.53, 47.10, 74.09, 25.04, 0.10, 95.58, NA, NA, 18.00, 64.29, 32.00, 80.00, 2878.00, 52.56, 0.57, 56.60, 5.00, 12.50, 40.00, 100.00
94701, NA, NA, 0.53, 47.10, 74.09, 25.04, 0.10, 95.58, NA, NA, NA, NA, 40.00, 100.00, 2878.00, 52.56, 0.57, 56.60, 18.00, 45.00, 40.00, 100.00
94497, NA, NA, 0.44, 56.10, 20.17, 81.57, 0.05, 95.91, NA, NA, NA, NA, 6.00, 15.00, 1188.00, 80.42, 0.65, 64.60, 0.00, 0.00, 21.00, 52.50
94160, NA, NA, 0.57, 42.80, 5.93, 96.50, 0.04, 96.02, NA, NA, NA, NA, 40.00, 100.00, 2718.00, 55.19, 0.64, 64.20, 34.00, 85.00, 40.00, 100.00
94552, NA, NA, 0.30, 69.70, 46.06, 54.42, 0.07, 95.76, NA, NA, 2.20, 95.63, 1.00, 2.50, 0.00, 100.00, 0.62, 61.70, 0.00, 0.00, 1.00, 2.50
94553, 18.27, 12.22, NA, NA, NA, NA, NA, NA, 60.23, 72.06, 8.00, 84.13, 3.00, 7.50, NA, NA, NA, NA, 0.00, 0.00, 2.00, 5.00
94550, 15.47, 5.87, 0.28, 72.50, 26.42, 75.02, 0.10, 95.51, 60.00, 69.62, 4.80, 90.48, 2.00, 5.00, 1133.00, 81.32, 0.64, 64.10, 0.00, 0.00, 2.00, 5.00
94551, 15.47, 5.87, 0.28, 72.50, 26.42, 75.02, 0.10, 95.51, 60.00, 69.62, 5.80, 88.49, 1.00, 2.50, 1133.00, 81.32, 0.64, 64.10, 0.00, 0.00, 1.00, 2.50
94556, NA, NA, 0.15, 85.10, 51.95, 48.25, -0.05, 96.67, NA, NA, 4.70, 90.67, 17.00, 42.50, 498.00, 91.79, 0.49, 49.20, 3.00, 7.50, 40.00, 100.00
94557, NA, NA, 0.43, 56.50, 24.94, 76.57, 0.03, 96.08, NA, NA, NA, NA, 5.00, 12.50, 2086.00, 65.61, 0.62, 62.30, 0.00, 0.00, 17.00, 42.50
94555, 15.88, 6.81, 0.34, 66.00, 27.24, 74.16, 0.05, 95.90, 59.65, 65.76, 4.60, 90.87, 8.00, 20.00, 1132.00, 81.34, 0.59, 59.10, 0.00, 0.00, 11.00, 27.50
94970, 38.26, 57.54, 0.09, 91.40, 13.14, 88.94, -0.16, 97.50, NA, NA, 0.00, 100.00, 10.00, 25.00, 0.00, 100.00, 0.66, 66.00, 0.00, 0.00, 6.00, 15.00
94558, 27.68, 33.56, 0.40, 60.10, 7.62, 94.73, 0.06, 95.85, 58.78, 56.27, 7.90, 84.33, 7.00, 17.50, 1312.00, 78.37, 0.61, 61.30, 1.00, 2.50, 40.00, 100.00
94559, 24.05, 25.32, 0.40, 60.10, 7.62, 94.73, 0.06, 95.85, 58.01, 47.91, 10.00, 80.16, 3.00, 7.50, 1312.00, 78.37, 0.61, 61.30, 0.00, 0.00, 6.00, 15.00
94971, NA, NA, 0.45, 54.70, 8.07, 94.25, -0.03, 96.52, NA, NA, 4.70, 90.67, 40.00, 100.00, 0.00, 100.00, 0.80, 79.70, 0.00, 0.00, 21.00, 52.50
95115, NA, NA, 0.40, 60.40, 46.30, 54.17, 0.06, 95.87, NA, NA, NA, NA, 40.00, 100.00, 1475.00, 75.68, 0.61, 61.20, 5.00, 12.50, 40.00, 100.00
94820, NA, NA, 0.35, 65.30, 39.33, 61.48, 0.03, 96.05, NA, NA, NA, NA, 3.00, 7.50, 0.00, 100.00, 0.64, 63.70, 0.00, 0.00, 1.00, 2.50
95116, NA, NA, 0.40, 60.40, 46.30, 54.17, 0.06, 95.87, NA, NA, 23.30, 53.77, 9.00, 22.50, 1475.00, 75.68, 0.61, 61.20, 1.00, 2.50, 40.00, 100.00
95111, NA, NA, 0.40, 60.40, 46.30, 54.17, 0.06, 95.87, NA, NA, 19.90, 60.52, 5.00, 12.50, 1475.00, 75.68, 0.61, 61.20, 0.00, 0.00, 33.00, 82.50
95110, 14.90, 4.58, 0.40, 60.40, 46.30, 54.17, 0.06, 95.87, 61.49, 85.83, 15.90, 68.45, 6.00, 15.00, 1475.00, 75.68, 0.61, 61.20, 1.00, 2.50, 32.00, 80.00
95113, NA, NA, 0.40, 60.40, 46.30, 54.17, 0.06, 95.87, NA, NA, 33.70, 33.13, 40.00, 100.00, 1475.00, 75.68, 0.61, 61.20, 4.00, 10.00, 40.00, 100.00
95112, 14.90, 4.58, 0.40, 60.40, 46.30, 54.17, 0.06, 95.87, 61.49, 85.83, 21.60, 57.14, 39.00, 97.50, 1475.00, 75.68, 0.61, 61.20, 4.00, 10.00, 40.00, 100.00
95119, NA, NA, 0.40, 60.40, 46.30, 54.17, 0.06, 95.87, NA, NA, 5.20, 89.68, 7.00, 17.50, 1475.00, 75.68, 0.61, 61.20, 0.00, 0.00, 18.00, 45.00
95118, NA, NA, 0.40, 60.40, 46.30, 54.17, 0.06, 95.87, NA, NA, 7.80, 84.52, 7.00, 17.50, 1475.00, 75.68, 0.61, 61.20, 1.00, 2.50, 40.00, 100.00
94978, NA, NA, 0.41, 59.50, 10.74, 91.46, 0.02, 96.17, NA, NA, NA, NA, 10.00, 25.00, 840.00, 86.15, 0.77, 76.50, 2.00, 5.00, 40.00, 100.00
94199, 23.65, 24.42, 0.57, 42.80, 5.93, 96.50, 0.04, 96.02, 57.33, 40.51, NA, NA, 0.00, 0.00, 2718.00, 55.19, 0.64, 64.20, 0.00, 0.00, 3.00, 7.50
95377, NA, NA, 0.32, 68.50, 8.55, 93.75, 0.46, 92.84, NA, NA, 3.90, 92.26, 0.00, 0.00, 1241.00, 79.54, 0.63, 63.30, 0.00, 0.00, 0.00, 0.00
95376, 12.96, 0.19, 0.32, 68.50, 8.55, 93.75, 0.46, 92.84, 61.89, 90.15, 9.60, 80.95, 9.00, 22.50, 1241.00, 79.54, 0.63, 63.30, 1.00, 2.50, 40.00, 100.00
95378, 13.05, 0.39, 0.32, 68.50, 8.55, 93.75, 0.46, 92.84, 60.98, 80.29, NA, NA, 0.00, 0.00, 1241.00, 79.54, 0.63, 63.30, 0.00, 0.00, 2.00, 5.00
95076, 21.89, 20.41, NA, NA, NA, NA, NA, NA, 57.26, 39.74, 15.80, 68.65, 2.00, 5.00, NA, NA, NA, NA, 0.00, 0.00, 13.00, 32.50
94538, 15.88, 6.81, 0.34, 66.00, 27.24, 74.16, 0.05, 95.90, 59.65, 65.76, 5.90, 88.29, 7.00, 17.50, 1132.00, 81.34, 0.59, 59.10, 0.00, 0.00, 36.00, 90.00
95075, 15.12, 5.09, 0.30, 70.30, 51.06, 49.18, 0.79, 90.32, 57.48, 42.10, 16.40, 67.46, 0.00, 0.00, 0.00, 100.00, 0.55, 54.70, 0.00, 0.00, 0.00, 0.00
95073, 31.35, 41.87, 0.26, 74.10, 26.73, 74.69, 0.90, 89.50, 58.82, 56.68, 7.80, 84.52, 1.00, 2.50, 0.00, 100.00, 0.62, 62.50, 0.00, 0.00, 2.00, 5.00
95070, NA, NA, 0.14, 85.60, 27.43, 73.96, 0.00, 96.28, NA, NA, 4.50, 91.07, 23.00, 57.50, 442.00, 92.71, 0.47, 46.60, 3.00, 7.50, 40.00, 100.00
94539, NA, NA, 0.34, 66.00, 27.24, 74.16, 0.05, 95.90, NA, NA, 3.50, 93.06, 1.00, 2.50, 1132.00, 81.34, 0.59, 59.10, 0.00, 0.00, 5.00, 12.50
94956, NA, NA, 0.34, 65.80, 10.19, 92.03, 0.04, 96.02, NA, NA, 8.50, 83.13, 0.00, 0.00, 0.00, 100.00, 0.67, 66.50, 0.00, 0.00, 0.00, 0.00
94957, 35.23, 50.67, 0.11, 88.60, 13.65, 88.40, 0.04, 96.02, 58.38, 51.86, 5.60, 88.89, 15.00, 37.50, 484.00, 92.02, 0.43, 43.40, 1.00, 2.50, 40.00, 100.00
94954, 26.65, 31.22, 0.32, 68.40, 16.12, 85.81, 0.06, 95.83, 58.15, 49.41, 6.30, 87.50, 0.00, 0.00, 1044.00, 82.79, 0.64, 63.70, 0.00, 0.00, 1.00, 2.50
94955, NA, NA, 0.32, 68.40, 16.12, 85.81, 0.06, 95.83, NA, NA, NA, NA, 10.00, 25.00, 1044.00, 82.79, 0.64, 63.70, 1.00, 2.50, 40.00, 100.00
94952, 26.65, 31.22, NA, NA, NA, NA, NA, NA, 58.15, 49.41, 8.30, 83.53, 15.00, 37.50, NA, NA, NA, NA, 1.00, 2.50, 40.00, 100.00
94953, NA, NA, 0.32, 68.40, 16.12, 85.81, 0.06, 95.83, NA, NA, NA, NA, 4.00, 10.00, 1044.00, 82.79, 0.64, 63.70, 0.00, 0.00, 2.00, 5.00
94950, NA, NA, 0.00, 100.00, 10.03, 92.20, 0.00, 96.30, NA, NA, 0.00, 100.00, 5.00, 12.50, 0.00, 100.00, 0.00, 0.00, 0.00, 0.00, 10.00, 25.00
94951, 26.65, 31.22, 0.41, 59.10, 18.16, 83.68, -0.16, 97.48, 58.15, 49.41, 6.30, 87.50, 4.00, 10.00, 0.00, 100.00, 0.73, 72.80, 0.00, 0.00, 2.00, 5.00
95403, 36.28, 53.05, 0.42, 57.70, 61.16, 38.59, 0.14, 95.26, 57.62, 43.60, 11.20, 77.78, 3.00, 7.50, 1510.00, 75.11, 0.60, 60.50, 0.00, 0.00, 17.00, 42.50
94127, 20.68, 17.68, 0.57, 42.80, 5.93, 96.50, 0.04, 96.02, 55.29, 18.26, 3.40, 93.25, 21.00, 52.50, 2718.00, 55.19, 0.64, 64.20, 5.00, 12.50, 40.00, 100.00
94126, NA, NA, 0.57, 42.80, 5.93, 96.50, 0.04, 96.02, NA, NA, NA, NA, 40.00, 100.00, 2718.00, 55.19, 0.64, 64.20, 24.00, 60.00, 40.00, 100.00
94125, NA, NA, 0.57, 42.80, 5.93, 96.50, 0.04, 96.02, NA, NA, NA, NA, 40.00, 100.00, 2718.00, 55.19, 0.64, 64.20, 34.00, 85.00, 40.00, 100.00
94124, 20.78, 17.91, 0.57, 42.80, 5.93, 96.50, 0.04, 96.02, 60.32, 73.02, 21.70, 56.94, 10.00, 25.00, 2718.00, 55.19, 0.64, 64.20, 1.00, 2.50, 40.00, 100.00
94123, NA, NA, 0.57, 42.80, 5.93, 96.50, 0.04, 96.02, NA, NA, 5.80, 88.49, 40.00, 100.00, 2718.00, 55.19, 0.64, 64.20, 8.00, 20.00, 40.00, 100.00
94122, 20.68, 17.68, 0.57, 42.80, 5.93, 96.50, 0.04, 96.02, 55.29, 18.26, 9.50, 81.15, 40.00, 100.00, 2718.00, 55.19, 0.64, 64.20, 8.00, 20.00, 40.00, 100.00
94121, NA, NA, 0.57, 42.80, 5.93, 96.50, 0.04, 96.02, NA, NA, 10.00, 80.16, 32.00, 80.00, 2718.00, 55.19, 0.64, 64.20, 2.00, 5.00, 40.00, 100.00
94120, NA, NA, 0.57, 42.80, 5.93, 96.50, 0.04, 96.02, NA, NA, NA, NA, 40.00, 100.00, 2718.00, 55.19, 0.64, 64.20, 37.00, 92.50, 40.00, 100.00
95436, 41.69, 65.32, 0.28, 71.80, 9.80, 92.44, 0.39, 93.35, 58.51, 53.28, 11.50, 77.18, 2.00, 5.00, 0.00, 100.00, 0.68, 68.10, 0.00, 0.00, 1.00, 2.50
95433, 31.43, 42.05, 0.50, 50.30, 9.53, 92.72, 0.04, 95.98, 58.81, 56.58, NA, NA, 6.00, 15.00, 0.00, 100.00, 0.58, 58.40, 0.00, 0.00, 40.00, 100.00
94129, NA, NA, 0.57, 42.80, 5.93, 96.50, 0.04, 96.02, NA, NA, 4.40, 91.27, 40.00, 100.00, 2718.00, 55.19, 0.64, 64.20, 4.00, 10.00, 40.00, 100.00
94128, 20.65, 17.62, 0.57, 42.80, 5.93, 96.50, 0.04, 96.02, 58.16, 49.50, NA, NA, 1.00, 2.50, 2718.00, 55.19, 0.64, 64.20, 1.00, 2.50, 40.00, 100.00
95209, NA, NA, 0.43, 56.70, 4.57, 97.92, 0.20, 94.81, NA, NA, 10.20, 79.76, 1.00, 2.50, 4003.00, 34.01, 0.57, 56.90, 0.00, 0.00, 1.00, 2.50
95208, NA, NA, 0.43, 56.70, 4.57, 97.92, 0.20, 94.81, NA, NA, NA, NA, 4.00, 10.00, 4003.00, 34.01, 0.57, 56.90, 1.00, 2.50, 31.00, 77.50
94044, 31.93, 43.19, 0.29, 71.00, 51.48, 48.74, -0.03, 96.53, 58.36, 51.68, 5.40, 89.29, 8.00, 20.00, 796.00, 86.88, 0.67, 67.40, 0.00, 0.00, 31.00, 77.50
95204, NA, NA, 0.43, 56.70, 4.57, 97.92, 0.20, 94.81, NA, NA, 18.40, 63.49, 6.00, 15.00, 4003.00, 34.01, 0.57, 56.90, 0.00, 0.00, 19.00, 47.50
95207, 17.77, 11.09, 0.43, 56.70, 4.57, 97.92, 0.20, 94.81, 62.22, 93.73, 22.80, 54.76, 2.00, 5.00, 4003.00, 34.01, 0.57, 56.90, 0.00, 0.00, 40.00, 100.00
95206, 14.06, 2.68, 0.43, 56.70, 4.57, 97.92, 0.20, 94.81, 61.32, 83.92, 25.70, 49.01, 1.00, 2.50, 4003.00, 34.01, 0.57, 56.90, 0.00, 0.00, 1.00, 2.50
94040, NA, NA, NA, NA, NA, NA, NA, NA, NA, NA, 8.70, 82.74, 31.00, 77.50, NA, NA, NA, NA, 1.00, 2.50, 40.00, 100.00
94041, 14.68, 4.08, 0.56, 44.00, 17.93, 83.92, 0.05, 95.94, 60.28, 72.66, 8.30, 83.53, 40.00, 100.00, 1139.00, 81.22, 0.66, 66.00, 5.00, 12.50, 40.00, 100.00
94042, NA, NA, 0.56, 44.00, 17.93, 83.92, 0.05, 95.94, NA, NA, NA, NA, 40.00, 100.00, 1139.00, 81.22, 0.66, 66.00, 5.00, 12.50, 40.00, 100.00
94043, 14.68, 4.08, 0.56, 44.00, 17.93, 83.92, 0.05, 95.94, 60.28, 72.66, 7.10, 85.91, 7.00, 17.50, 1139.00, 81.22, 0.66, 66.00, 0.00, 0.00, 21.00, 52.50
95023, 15.12, 5.09, 0.38, 62.30, 75.22, 23.85, 0.01, 96.19, 57.48, 42.10, 10.30, 79.56, 1.00, 2.50, 1555.00, 74.37, 0.63, 62.80, 0.00, 0.00, 0.00, 0.00
94569, 20.23, 16.66, 0.52, 48.50, 15.37, 86.60, -0.18, 97.67, 58.42, 52.41, 0.00, 100.00, 11.00, 27.50, 0.00, 100.00, 0.66, 66.40, 1.00, 2.50, 40.00, 100.00
94568, NA, NA, 0.34, 65.80, 27.72, 73.65, 0.54, 92.24, NA, NA, 4.30, 91.47, 6.00, 15.00, 797.00, 86.86, 0.64, 64.30, 0.00, 0.00, 3.00, 7.50
94064, NA, NA, 0.46, 54.50, 17.24, 84.64, 0.02, 96.16, NA, NA, NA, NA, 40.00, 100.00, 1378.00, 77.28, 0.65, 64.60, 4.00, 10.00, 40.00, 100.00
95480, NA, NA, 0.00, 100.00, 3.96, 98.56, 0.00, 96.30, NA, NA, NA, NA, 0.00, 0.00, 0.00, 100.00, 0.00, 0.00, 0.00, 0.00, 0.00, 0.00
95487, 31.43, 42.05, 0.00, 100.00, 7.71, 94.63, 0.00, 96.30, 58.81, 56.58, NA, NA, 3.00, 7.50, 0.00, 100.00, 0.00, 0.00, 0.00, 0.00, 40.00, 100.00
95486, 47.64, 78.80, 0.00, 100.00, 8.08, 94.24, 0.00, 96.30, 54.17, 5.99, 42.90, 14.88, 0.00, 0.00, 0.00, 100.00, 0.00, 0.00, 0.00, 0.00, 0.00, 0.00
95296, NA, NA, 0.43, 56.70, 4.57, 97.92, 0.20, 94.81, NA, NA, NA, NA, 0.00, 0.00, 4003.00, 34.01, 0.57, 56.90, 0.00, 0.00, 0.00, 0.00
95297, 17.77, 11.09, 0.43, 56.70, 4.57, 97.92, 0.20, 94.81, 62.22, 93.73, NA, NA, 2.00, 5.00, 4003.00, 34.01, 0.57, 56.90, 0.00, 0.00, 40.00, 100.00
95159, NA, NA, 0.40, 60.40, 46.30, 54.17, 0.06, 95.87, NA, NA, NA, NA, 7.00, 17.50, 1475.00, 75.68, 0.61, 61.20, 0.00, 0.00, 40.00, 100.00
95158, NA, NA, 0.40, 60.40, 46.30, 54.17, 0.06, 95.87, NA, NA, NA, NA, 8.00, 20.00, 1475.00, 75.68, 0.61, 61.20, 1.00, 2.50, 40.00, 100.00
95151, NA, NA, 0.40, 60.40, 46.30, 54.17, 0.06, 95.87, NA, NA, NA, NA, 5.00, 12.50, 1475.00, 75.68, 0.61, 61.20, 5.00, 12.50, 40.00, 100.00
95150, NA, NA, 0.40, 60.40, 46.30, 54.17, 0.06, 95.87, NA, NA, NA, NA, 7.00, 17.50, 1475.00, 75.68, 0.61, 61.20, 0.00, 0.00, 31.00, 77.50
95153, NA, NA, 0.40, 60.40, 46.30, 54.17, 0.06, 95.87, NA, NA, NA, NA, 6.00, 15.00, 1475.00, 75.68, 0.61, 61.20, 0.00, 0.00, 29.00, 72.50
95152, NA, NA, 0.40, 60.40, 46.30, 54.17, 0.06, 95.87, NA, NA, NA, NA, 5.00, 12.50, 1475.00, 75.68, 0.61, 61.20, 0.00, 0.00, 10.00, 25.00
95155, NA, NA, 0.40, 60.40, 46.30, 54.17, 0.06, 95.87, NA, NA, NA, NA, 16.00, 40.00, 1475.00, 75.68, 0.61, 61.20, 0.00, 0.00, 40.00, 100.00
95154, 23.08, 23.12, 0.40, 60.40, 46.30, 54.17, 0.06, 95.87, 59.20, 60.85, NA, NA, 9.00, 22.50, 1475.00, 75.68, 0.61, 61.20, 1.00, 2.50, 23.00, 57.50
95157, NA, NA, 0.40, 60.40, 46.30, 54.17, 0.06, 95.87, NA, NA, NA, NA, 3.00, 7.50, 1475.00, 75.68, 0.61, 61.20, 0.00, 0.00, 38.00, 95.00
95156, NA, NA, 0.40, 60.40, 46.30, 54.17, 0.06, 95.87, NA, NA, NA, NA, 7.00, 17.50, 1475.00, 75.68, 0.61, 61.20, 0.00, 0.00, 40.00, 100.00
95032, 23.08, 23.12, 0.34, 66.40, 32.39, 68.76, 0.03, 96.08, 59.20, 60.85, 4.70, 90.67, 2.00, 5.00, 858.00, 85.86, 0.53, 53.40, 0.00, 0.00, 1.00, 2.50
95033, 41.77, 65.50, 0.34, 66.40, 32.39, 68.76, 0.03, 96.08, 55.34, 18.80, 5.00, 90.08, 13.00, 32.50, 858.00, 85.86, 0.53, 53.40, 2.00, 5.00, 40.00, 100.00
95030, 23.08, 23.12, 0.34, 66.40, 32.39, 68.76, 0.03, 96.08, 59.20, 60.85, 4.60, 90.87, 26.00, 65.00, 858.00, 85.86, 0.53, 53.40, 2.00, 5.00, 40.00, 100.00
95031, NA, NA, 0.34, 66.40, 32.39, 68.76, 0.03, 96.08, NA, NA, NA, NA, 13.00, 32.50, 858.00, 85.86, 0.53, 53.40, 2.00, 5.00, 40.00, 100.00
95036, NA, NA, 0.31, 68.70, 28.28, 73.07, 0.07, 95.81, NA, NA, NA, NA, 27.00, 67.50, 1307.00, 78.45, 0.59, 58.90, 1.00, 2.50, 40.00, 100.00
95037, 20.54, 17.37, 0.28, 72.40, 37.60, 63.29, 0.13, 95.33, 61.12, 81.79, 8.10, 83.93, 2.00, 5.00, 1008.00, 83.38, 0.64, 63.90, 0.00, 0.00, 1.00, 2.50
95035, NA, NA, 0.31, 68.70, 28.28, 73.07, 0.07, 95.81, NA, NA, 6.70, 86.71, 29.00, 72.50, 1307.00, 78.45, 0.59, 58.90, 1.00, 2.50, 40.00, 100.00
95038, NA, NA, 0.28, 72.40, 37.60, 63.29, 0.13, 95.33, 61.57, 86.65, NA, NA, 3.00, 7.50, 1008.00, 83.38, 0.64, 63.90, 0.00, 0.00, 40.00, 100.00
94912, NA, NA, 0.46, 54.30, 14.23, 87.80, 0.03, 96.08, NA, NA, NA, NA, 11.00, 27.50, 1674.00, 72.40, 0.63, 63.40, 0.00, 0.00, 40.00, 100.00
94913, NA, NA, 0.46, 54.30, 14.23, 87.80, 0.03, 96.08, NA, NA, NA, NA, 8.00, 20.00, 1674.00, 72.40, 0.63, 63.40, 1.00, 2.50, 22.00, 55.00
94529, NA, NA, NA, NA, NA, NA, NA, NA, NA, NA, NA, NA, 26.00, 65.00, NA, NA, NA, NA, 1.00, 2.50, 40.00, 100.00
94528, 25.04, 27.57, 0.00, 100.00, 62.71, 36.97, 0.17, 95.00, 58.70, 55.40, 0.00, 100.00, 13.00, 32.50, 0.00, 100.00, 0.54, 53.90, 0.00, 0.00, 40.00, 100.00
94914, NA, NA, NA, NA, NA, NA, NA, NA, NA, NA, NA, NA, 7.00, 17.50, NA, NA, NA, NA, 0.00, 0.00, 40.00, 100.00
94915, NA, NA, 0.46, 54.30, 14.23, 87.80, 0.03, 96.08, NA, NA, NA, NA, 8.00, 20.00, 1674.00, 72.40, 0.63, 63.40, 1.00, 2.50, 22.00, 55.00
94523, 18.27, 12.22, 0.39, 61.40, 45.81, 54.69, 0.01, 96.23, 60.23, 72.06, 7.90, 84.33, 8.00, 20.00, 1933.00, 68.13, 0.59, 59.40, 2.00, 5.00, 16.00, 40.00
94522, NA, NA, 0.36, 63.70, 49.91, 50.39, 0.00, 96.28, NA, NA, NA, NA, 5.00, 12.50, 1832.00, 69.80, 0.63, 62.80, 1.00, 2.50, 40.00, 100.00
94521, NA, NA, 0.36, 63.70, 49.91, 50.39, 0.00, 96.28, NA, NA, 6.70, 86.71, 2.00, 5.00, 1832.00, 69.80, 0.63, 62.80, 0.00, 0.00, 28.00, 70.00
94520, 18.27, 12.22, 0.36, 63.70, 49.91, 50.39, 0.00, 96.28, 60.23, 72.06, 18.00, 64.29, 1.00, 2.50, 1832.00, 69.80, 0.63, 62.80, 0.00, 0.00, 1.00, 2.50
94527, 25.04, 27.57, 0.36, 63.70, 49.91, 50.39, 0.00, 96.28, 58.70, 55.40, NA, NA, 6.00, 15.00, 1832.00, 69.80, 0.63, 62.80, 0.00, 0.00, 40.00, 100.00
94526, 25.04, 27.57, 0.17, 83.50, 60.15, 39.65, 0.01, 96.24, 58.70, 55.40, 4.80, 90.48, 5.00, 12.50, 499.00, 91.77, 0.55, 55.30, 0.00, 0.00, 5.00, 12.50
94525, NA, NA, 0.26, 73.80, 14.74, 87.26, -0.03, 96.54, NA, NA, 8.40, 83.33, 15.00, 37.50, 0.00, 100.00, 0.65, 65.20, 0.00, 0.00, 40.00, 100.00
94524, NA, NA, 0.36, 63.70, 49.91, 50.39, 0.00, 96.28, NA, NA, NA, NA, 6.00, 15.00, 1832.00, 69.80, 0.63, 62.80, 0.00, 0.00, 40.00, 100.00
94850, NA, NA, 0.44, 55.80, 41.09, 59.64, 0.05, 95.96, NA, NA, NA, NA, 5.00, 12.50, 3875.00, 36.12, 0.61, 61.10, 0.00, 0.00, 22.00, 55.00
95472, 42.28, 66.65, 0.47, 53.50, 21.77, 79.89, -0.05, 96.69, 57.26, 39.69, 9.00, 82.14, 3.00, 7.50, 1022.00, 83.15, 0.65, 65.20, 0.00, 0.00, 2.00, 5.00
95473, 42.28, 66.65, 0.47, 53.50, 21.77, 79.89, -0.05, 96.69, 57.26, 39.69, NA, NA, 4.00, 10.00, 1022.00, 83.15, 0.65, 65.20, 1.00, 2.50, 40.00, 100.00
95471, 47.64, 78.80, 0.00, 100.00, 7.74, 94.60, 0.00, 96.30, 54.17, 5.99, 36.20, 28.17, 1.00, 2.50, 0.00, 100.00, 0.00, 0.00, 0.00, 0.00, 9.00, 22.50
95476, 31.43, 42.05, NA, NA, NA, NA, NA, NA, 58.81, 56.58, 10.50, 79.17, 3.00, 7.50, NA, NA, NA, NA, 0.00, 0.00, 1.00, 2.50
95241, 19.02, 13.92, 0.43, 57.10, 3.78, 98.75, 0.09, 95.62, 61.23, 83.02, NA, NA, 6.00, 15.00, 2003.00, 66.98, 0.53, 52.70, 0.00, 0.00, 40.00, 100.00
95240, 19.02, 13.92, 0.43, 57.10, 3.78, 98.75, 0.09, 95.62, 61.23, 83.02, 19.80, 60.71, 0.00, 0.00, 2003.00, 66.98, 0.53, 52.70, 0.00, 0.00, 0.00, 0.00
94002, NA, NA, 0.38, 62.10, 17.94, 83.91, 0.03, 96.09, NA, NA, 5.50, 89.09, 14.00, 35.00, 699.00, 88.48, 0.64, 63.50, 0.00, 0.00, 40.00, 100.00
95242, 19.02, 13.92, 0.43, 57.10, 3.78, 98.75, 0.09, 95.62, 61.23, 83.02, 7.90, 84.33, 0.00, 0.00, 2003.00, 66.98, 0.53, 52.70, 0.00, 0.00, 0.00, 0.00
94005, NA, NA, 0.36, 64.30, 31.14, 70.07, 0.19, 94.86, NA, NA, 2.60, 94.84, 17.00, 42.50, 1262.00, 79.20, 0.69, 68.50, 0.00, 0.00, 40.00, 100.00
95320, NA, NA, 0.23, 77.30, 3.60, 98.94, 0.20, 94.82, NA, NA, 11.90, 76.39, 0.00, 0.00, 1548.00, 74.48, 0.62, 61.90, 0.00, 0.00, 0.00, 0.00
95220, 19.45, 14.91, 0.00, 100.00, 3.54, 99.00, 12.64, 0.56, NA, NA, 10.90, 78.37, 1.00, 2.50, 0.00, 100.00, 1.00, 100.00, 0.00, 0.00, 0.00, 0.00
95687, 25.30, 28.16, NA, NA, NA, NA, NA, NA, 61.98, 91.17, 8.20, 83.73, 2.00, 5.00, NA, NA, NA, NA, 0.00, 0.00, 0.00, 0.00
95686, NA, NA, 0.53, 46.80, 4.30, 98.21, 0.34, 93.76, NA, NA, 25.30, 49.80, 0.00, 0.00, 0.00, 100.00, 0.49, 49.50, 0.00, 0.00, 0.00, 0.00
95227, NA, NA, 0.00, 100.00, 2.59, 100.00, 0.00, 96.30, NA, NA, 3.50, 93.06, 0.00, 0.00, 0.00, 100.00, 0.00, 0.00, 0.00, 0.00, 0.00, 0.00
94074, 30.78, 40.58, 0.00, 100.00, 13.26, 88.81, 0.00, 96.30, 54.31, 7.54, 0.00, 100.00, 0.00, 0.00, 0.00, 100.00, 0.00, 0.00, 0.00, 0.00, 0.00, 0.00
94070, 20.32, 16.87, 0.28, 72.10, 19.16, 82.63, 0.02, 96.11, 59.36, 62.58, 4.00, 92.06, 8.00, 20.00, 782.00, 87.11, 0.65, 65.00, 0.00, 0.00, 15.00, 37.50
94175, NA, NA, 0.57, 42.80, 5.93, 96.50, 0.04, 96.02, NA, NA, NA, NA, 40.00, 100.00, 2718.00, 55.19, 0.64, 64.20, 40.00, 100.00, 40.00, 100.00
94177, NA, NA, 0.57, 42.80, 5.93, 96.50, 0.04, 96.02, NA, NA, NA, NA, 40.00, 100.00, 2718.00, 55.19, 0.64, 64.20, 34.00, 85.00, 40.00, 100.00
94171, NA, NA, 0.57, 42.80, 5.93, 96.50, 0.04, 96.02, NA, NA, NA, NA, 40.00, 100.00, 2718.00, 55.19, 0.64, 64.20, 34.00, 85.00, 40.00, 100.00
94172, NA, NA, 0.57, 42.80, 5.93, 96.50, 0.04, 96.02, NA, NA, NA, NA, 40.00, 100.00, 2718.00, 55.19, 0.64, 64.20, 34.00, 85.00, 40.00, 100.00
95391, 12.88, 0.00, NA, NA, NA, NA, NA, NA, 62.79, 100.00, 4.70, 90.67, 0.00, 0.00, NA, NA, NA, NA, 0.00, 0.00, 1.00, 2.50
94710, NA, NA, 0.53, 47.10, 74.09, 25.04, 0.10, 95.58, NA, NA, 20.20, 59.92, 21.00, 52.50, 2878.00, 52.56, 0.57, 56.60, 10.00, 25.00, 40.00, 100.00
95194, NA, NA, 0.40, 60.40, 46.30, 54.17, 0.06, 95.87, NA, NA, NA, NA, 9.00, 22.50, 1475.00, 75.68, 0.61, 61.20, 0.00, 0.00, 40.00, 100.00
94712, NA, NA, 0.53, 47.10, 74.09, 25.04, 0.10, 95.58, NA, NA, NA, NA, 40.00, 100.00, 2878.00, 52.56, 0.57, 56.60, 18.00, 45.00, 40.00, 100.00
95196, NA, NA, 0.40, 60.40, 46.30, 54.17, 0.06, 95.87, NA, NA, NA, NA, 40.00, 100.00, 1475.00, 75.68, 0.61, 61.20, 2.00, 5.00, 40.00, 100.00
95191, NA, NA, 0.40, 60.40, 46.30, 54.17, 0.06, 95.87, NA, NA, NA, NA, 9.00, 22.50, 1475.00, 75.68, 0.61, 61.20, 0.00, 0.00, 40.00, 100.00
95190, NA, NA, 0.40, 60.40, 46.30, 54.17, 0.06, 95.87, NA, NA, NA, NA, 9.00, 22.50, 1475.00, 75.68, 0.61, 61.20, 1.00, 2.50, 40.00, 100.00
95193, NA, NA, 0.40, 60.40, 46.30, 54.17, 0.06, 95.87, NA, NA, NA, NA, 3.00, 7.50, 1475.00, 75.68, 0.61, 61.20, 1.00, 2.50, 30.00, 75.00
95192, NA, NA, 0.40, 60.40, 46.30, 54.17, 0.06, 95.87, NA, NA, NA, NA, 28.00, 70.00, 1475.00, 75.68, 0.61, 61.20, 3.00, 7.50, 40.00, 100.00
95234, NA, NA, 0.00, 100.00, 5.67, 96.77, 0.00, 96.30, NA, NA, 0.00, 100.00, 5.00, 12.50, 0.00, 100.00, 0.00, 0.00, 0.00, 0.00, 12.00, 30.00
94404, NA, NA, 0.44, 56.10, 20.17, 81.57, 0.05, 95.91, NA, NA, 5.10, 89.88, 28.00, 70.00, 1188.00, 80.42, 0.65, 64.60, 1.00, 2.50, 40.00, 100.00
94401, 20.65, 17.62, 0.44, 56.10, 20.17, 81.57, 0.05, 95.91, 58.16, 49.50, 9.00, 82.14, 13.00, 32.50, 1188.00, 80.42, 0.65, 64.60, 0.00, 0.00, 40.00, 100.00
94402, NA, NA, 0.44, 56.10, 20.17, 81.57, 0.05, 95.91, NA, NA, 5.10, 89.88, 2.00, 5.00, 1188.00, 80.42, 0.65, 64.60, 1.00, 2.50, 10.00, 25.00
94403, NA, NA, 0.44, 56.10, 20.17, 81.57, 0.05, 95.91, NA, NA, 4.90, 90.28, 14.00, 35.00, 1188.00, 80.42, 0.65, 64.60, 2.00, 5.00, 40.00, 100.00
94567, 41.79, 65.54, 0.00, 100.00, 6.36, 96.05, 0.00, 96.30, 58.72, 55.63, 3.20, 93.65, 0.00, 0.00, 0.00, 100.00, 0.00, 0.00, 0.00, 0.00, 0.00, 0.00
94566, 15.47, 5.87, 0.30, 69.50, 24.48, 77.05, 0.10, 95.51, 60.00, 69.62, 4.50, 91.07, 2.00, 5.00, 760.00, 87.47, 0.60, 60.10, 0.00, 0.00, 2.00, 5.00
94565, NA, NA, NA, NA, NA, NA, NA, NA, NA, NA, 17.00, 66.27, 2.00, 5.00, NA, NA, NA, NA, 0.00, 0.00, 2.00, 5.00
94564, NA, NA, 0.23, 76.90, 31.25, 69.95, -0.03, 96.56, NA, NA, 7.90, 84.33, 17.00, 42.50, 2314.00, 61.85, 0.58, 57.70, 1.00, 2.50, 40.00, 100.00
94563, NA, NA, 0.09, 90.80, 68.77, 30.61, 0.00, 96.28, NA, NA, 2.30, 95.44, 18.00, 45.00, 550.00, 90.93, 0.50, 49.70, 1.00, 2.50, 40.00, 100.00
94562, 35.22, 50.63, 0.54, 45.60, 8.79, 93.50, -0.42, 99.50, 59.74, 66.71, NA, NA, 3.00, 7.50, 0.00, 100.00, 1.00, 100.00, 0.00, 0.00, 31.00, 77.50
94561, 13.22, 0.77, 0.22, 77.70, 11.47, 90.69, 0.38, 93.40, 61.50, 85.92, 9.30, 81.55, 0.00, 0.00, 1091.00, 82.01, 0.62, 61.80, 0.00, 0.00, 0.00, 0.00
94560, 15.88, 6.81, 0.30, 70.40, 21.99, 79.66, 0.00, 96.28, 59.65, 65.76, 7.60, 84.92, 4.00, 10.00, 1914.00, 68.45, 0.63, 63.20, 0.00, 0.00, 6.00, 15.00
95106, NA, NA, 0.40, 60.40, 46.30, 54.17, 0.06, 95.87, NA, NA, NA, NA, 40.00, 100.00, 1475.00, 75.68, 0.61, 61.20, 5.00, 12.50, 40.00, 100.00
95103, NA, NA, 0.40, 60.40, 46.30, 54.17, 0.06, 95.87, NA, NA, NA, NA, 40.00, 100.00, 1475.00, 75.68, 0.61, 61.20, 5.00, 12.50, 40.00, 100.00
95101, NA, NA, 0.40, 60.40, 46.30, 54.17, 0.06, 95.87, NA, NA, NA, NA, 6.00, 15.00, 1475.00, 75.68, 0.61, 61.20, 0.00, 0.00, 36.00, 90.00
95108, NA, NA, 0.40, 60.40, 46.30, 54.17, 0.06, 95.87, NA, NA, NA, NA, 40.00, 100.00, 1475.00, 75.68, 0.61, 61.20, 5.00, 12.50, 40.00, 100.00
95109, NA, NA, 0.40, 60.40, 46.30, 54.17, 0.06, 95.87, NA, NA, NA, NA, 40.00, 100.00, 1475.00, 75.68, 0.61, 61.20, 5.00, 12.50, 40.00, 100.00
95366, NA, NA, 0.32, 68.30, 4.28, 98.23, 0.41, 93.20, NA, NA, 6.70, 86.71, 5.00, 12.50, 940.00, 84.50, 0.58, 57.80, 0.00, 0.00, 11.00, 27.50
95409, NA, NA, 0.42, 57.70, 61.16, 38.59, 0.14, 95.26, NA, NA, 8.10, 83.93, 5.00, 12.50, 1510.00, 75.11, 0.60, 60.50, 0.00, 0.00, 1.00, 2.50
95043, 14.01, 2.55, NA, NA, NA, NA, NA, NA, 56.12, 27.25, 8.80, 82.54, 0.00, 0.00, NA, NA, NA, NA, 0.00, 0.00, 0.00, 0.00
95042, NA, NA, 0.00, 100.00, 23.35, 78.23, 0.00, 96.30, NA, NA, NA, NA, 14.00, 35.00, 0.00, 100.00, 0.00, 0.00, 2.00, 5.00, 40.00, 100.00
95041, 50.48, 85.24, 0.35, 64.90, 18.82, 82.98, 0.21, 94.74, 58.53, 53.59, 0.00, 100.00, 2.00, 5.00, 0.00, 100.00, 0.78, 78.20, 1.00, 2.50, 10.00, 25.00
95046, 20.54, 17.37, 0.24, 76.30, 37.18, 63.73, 0.66, 91.29, 61.12, 81.79, 4.60, 90.87, 1.00, 2.50, 0.00, 100.00, 0.60, 59.80, 0.00, 0.00, 0.00, 0.00
95045, 14.19, 2.97, 0.53, 47.00, 90.97, 7.34, 0.20, 94.77, 58.80, 56.49, 13.20, 73.81, 1.00, 2.50, 0.00, 100.00, 0.59, 58.60, 0.00, 0.00, 1.00, 2.50
95044, NA, NA, 0.00, 100.00, 24.85, 76.66, 0.00, 96.30, NA, NA, NA, NA, 14.00, 35.00, 0.00, 100.00, 0.00, 0.00, 2.00, 5.00, 40.00, 100.00
95077, 21.89, 20.41, 0.53, 47.50, 43.55, 57.06, 0.16, 95.12, 57.26, 39.74, NA, NA, 3.00, 7.50, 2059.00, 66.06, 0.60, 59.90, 0.00, 0.00, 40.00, 100.00
94963, NA, NA, 0.18, 81.80, 9.27, 93.00, 0.02, 96.13, NA, NA, 4.40, 91.27, 1.00, 2.50, 0.00, 100.00, 0.90, 90.20, 0.00, 0.00, 37.00, 92.50
94960, 41.60, 65.12, 0.32, 68.30, 12.85, 89.24, -0.00, 96.33, 58.52, 53.45, 5.20, 89.68, 10.00, 25.00, 910.00, 85.00, 0.64, 64.20, 1.00, 2.50, 40.00, 100.00
94966, NA, NA, 0.44, 55.80, 16.58, 85.33, -0.04, 96.58, NA, NA, NA, NA, 19.00, 47.50, 1149.00, 81.06, 0.72, 72.40, 2.00, 5.00, 40.00, 100.00
94965, NA, NA, 0.44, 55.80, 16.58, 85.33, -0.04, 96.58, NA, NA, 10.50, 79.17, 0.00, 0.00, 1149.00, 81.06, 0.72, 72.40, 0.00, 0.00, 0.00, 0.00
94964, NA, NA, 0.00, 100.00, 15.62, 86.34, 0.00, 96.30, NA, NA, 0.00, 100.00, 10.00, 25.00, 0.00, 100.00, 0.00, 0.00, 0.00, 0.00, 40.00, 100.00
94109, NA, NA, 0.57, 42.80, 5.93, 96.50, 0.04, 96.02, NA, NA, 15.90, 68.45, 40.00, 100.00, 2718.00, 55.19, 0.64, 64.20, 30.00, 75.00, 40.00, 100.00
94130, NA, NA, 0.57, 42.80, 5.93, 96.50, 0.04, 96.02, NA, NA, 27.00, 46.43, 2.00, 5.00, 2718.00, 55.19, 0.64, 64.20, 0.00, 0.00, 11.00, 27.50
94131, NA, NA, 0.57, 42.80, 5.93, 96.50, 0.04, 96.02, NA, NA, 5.40, 89.29, 40.00, 100.00, 2718.00, 55.19, 0.64, 64.20, 5.00, 12.50, 40.00, 100.00
94132, 20.68, 17.68, 0.57, 42.80, 5.93, 96.50, 0.04, 96.02, 55.29, 18.26, 17.50, 65.28, 10.00, 25.00, 2718.00, 55.19, 0.64, 64.20, 1.00, 2.50, 40.00, 100.00
94133, NA, NA, 0.57, 42.80, 5.93, 96.50, 0.04, 96.02, NA, NA, 19.40, 61.51, 40.00, 100.00, 2718.00, 55.19, 0.64, 64.20, 15.00, 37.50, 40.00, 100.00
94134, NA, NA, 0.57, 42.80, 5.93, 96.50, 0.04, 96.02, NA, NA, 14.20, 71.83, 11.00, 27.50, 2718.00, 55.19, 0.64, 64.20, 0.00, 0.00, 40.00, 100.00
94135, NA, NA, 0.57, 42.80, 5.93, 96.50, 0.04, 96.02, NA, NA, NA, NA, 11.00, 27.50, 2718.00, 55.19, 0.64, 64.20, 1.00, 2.50, 40.00, 100.00
94136, NA, NA, 0.57, 42.80, 5.93, 96.50, 0.04, 96.02, NA, NA, NA, NA, 12.00, 30.00, 2718.00, 55.19, 0.64, 64.20, 1.00, 2.50, 40.00, 100.00
94137, NA, NA, 0.57, 42.80, 5.93, 96.50, 0.04, 96.02, NA, NA, NA, NA, 40.00, 100.00, 2718.00, 55.19, 0.64, 64.20, 37.00, 92.50, 40.00, 100.00
94138, NA, NA, 0.57, 42.80, 5.93, 96.50, 0.04, 96.02, NA, NA, NA, NA, 40.00, 100.00, 2718.00, 55.19, 0.64, 64.20, 35.00, 87.50, 40.00, 100.00
94139, NA, NA, NA, NA, NA, NA, NA, NA, NA, NA, NA, NA, 40.00, 100.00, NA, NA, NA, NA, 34.00, 85.00, 40.00, 100.00
95401, 36.28, 53.05, 0.42, 57.70, 61.16, 38.59, 0.14, 95.26, 57.62, 43.60, 14.10, 72.02, 12.00, 30.00, 1510.00, 75.11, 0.60, 60.50, 0.00, 0.00, 4.00, 10.00
95407, NA, NA, 0.42, 57.70, 61.16, 38.59, 0.14, 95.26, NA, NA, 15.70, 68.85, 8.00, 20.00, 1510.00, 75.11, 0.60, 60.50, 0.00, 0.00, 2.00, 5.00
95406, 32.20, 43.80, 0.42, 57.70, 61.16, 38.59, 0.14, 95.26, 59.19, 60.76, NA, NA, 15.00, 37.50, 1510.00, 75.11, 0.60, 60.50, 2.00, 5.00, 40.00, 100.00
95405, 32.20, 43.80, 0.42, 57.70, 61.16, 38.59, 0.14, 95.26, 59.19, 60.76, 7.30, 85.52, 22.00, 55.00, 1510.00, 75.11, 0.60, 60.50, 0.00, 0.00, 14.00, 35.00
95404, 32.20, 43.80, 0.42, 57.70, 61.16, 38.59, 0.14, 95.26, 59.19, 60.76, 10.50, 79.17, 2.00, 5.00, 1510.00, 75.11, 0.60, 60.50, 0.00, 0.00, 0.00, 0.00
94039, NA, NA, 0.56, 44.00, 17.93, 83.92, 0.05, 95.94, NA, NA, NA, NA, 40.00, 100.00, 1139.00, 81.22, 0.66, 66.00, 5.00, 12.50, 40.00, 100.00
94038, 30.46, 39.87, 0.29, 71.20, 23.31, 78.28, 0.59, 91.84, 56.27, 28.93, 11.70, 76.79, 0.00, 0.00, 0.00, 100.00, 0.62, 62.00, 0.00, 0.00, 0.00, 0.00
95219, NA, NA, 0.43, 56.70, 4.57, 97.92, 0.20, 94.81, NA, NA, 12.10, 75.99, 0.00, 0.00, 4003.00, 34.01, 0.57, 56.90, 0.00, 0.00, 0.00, 0.00
94030, 26.29, 30.40, 0.35, 65.00, 30.25, 71.00, 0.04, 96.00, 58.26, 50.59, 6.40, 87.30, 3.00, 7.50, 931.00, 84.65, 0.57, 56.70, 0.00, 0.00, 2.00, 5.00
95215, 14.06, 2.68, 0.43, 56.70, 4.57, 97.92, 0.20, 94.81, 61.32, 83.92, 18.30, 63.69, 0.00, 0.00, 4003.00, 34.01, 0.57, 56.90, 0.00, 0.00, 1.00, 2.50
94035, NA, NA, 0.56, 44.00, 17.93, 83.92, 0.05, 95.94, NA, NA, NA, NA, 4.00, 10.00, 1139.00, 81.22, 0.66, 66.00, 0.00, 0.00, 3.00, 7.50
95213, 14.06, 2.68, 0.43, 56.70, 4.57, 97.92, 0.20, 94.81, 61.32, 83.92, NA, NA, 1.00, 2.50, 4003.00, 34.01, 0.57, 56.90, 0.00, 0.00, 8.00, 20.00
94037, 30.46, 39.87, 0.17, 83.10, 27.57, 73.81, -0.01, 96.41, 56.27, 28.93, 0.00, 100.00, 4.00, 10.00, 0.00, 100.00, 0.71, 71.30, 0.00, 0.00, 20.00, 50.00
95211, 17.77, 11.09, NA, NA, NA, NA, NA, NA, 62.22, 93.73, NA, NA, 4.00, 10.00, NA, NA, NA, NA, 0.00, 0.00, 40.00, 100.00
94585, 24.81, 27.05, NA, NA, NA, NA, NA, NA, 60.98, 80.29, 11.00, 78.17, 0.00, 0.00, NA, NA, NA, NA, 0.00, 0.00, 0.00, 0.00
94587, 15.88, 6.81, 0.29, 70.50, 27.37, 74.02, 0.04, 96.00, 59.65, 65.76, 8.50, 83.13, 6.00, 15.00, 1752.00, 71.12, 0.60, 59.80, 0.00, 0.00, 26.00, 65.00
94586, NA, NA, 0.21, 78.60, 29.48, 71.81, -0.31, 98.68, NA, NA, 2.60, 94.84, 0.00, 0.00, 0.00, 100.00, 0.63, 63.30, 0.00, 0.00, 0.00, 0.00
94581, 37.55, 55.92, 0.40, 60.10, 7.62, 94.73, 0.06, 95.85, 58.46, 52.77, NA, NA, 9.00, 22.50, 1312.00, 78.37, 0.61, 61.30, 2.00, 5.00, 40.00, 100.00
94580, 18.04, 11.70, 0.26, 73.70, 38.90, 61.93, 0.07, 95.76, 58.84, 56.95, 7.20, 85.71, 17.00, 42.50, 0.00, 100.00, 0.63, 62.90, 1.00, 2.50, 40.00, 100.00
94583, NA, NA, 0.28, 71.80, 48.05, 52.34, 0.61, 91.66, NA, NA, 2.50, 95.04, 2.00, 5.00, 669.00, 88.97, 0.65, 65.40, 0.00, 0.00, 24.00, 60.00
94582, NA, NA, 0.28, 71.80, 48.05, 52.34, 0.61, 91.66, NA, NA, 3.90, 92.26, 5.00, 12.50, 669.00, 88.97, 0.65, 65.40, 0.00, 0.00, 1.00, 2.50
94589, 24.05, 25.32, NA, NA, NA, NA, NA, NA, 58.01, 47.91, 15.50, 69.25, 1.00, 2.50, NA, NA, NA, NA, 0.00, 0.00, 0.00, 0.00
94588, 15.47, 5.87, 0.30, 69.50, 24.48, 77.05, 0.10, 95.51, 60.00, 69.62, 4.70, 90.67, 4.00, 10.00, 760.00, 87.47, 0.60, 60.10, 1.00, 2.50, 23.00, 57.50
94156, NA, NA, 0.57, 42.80, 5.93, 96.50, 0.04, 96.02, NA, NA, NA, NA, 40.00, 100.00, 2718.00, 55.19, 0.64, 64.20, 34.00, 85.00, 40.00, 100.00
94145, NA, NA, 0.57, 42.80, 5.93, 96.50, 0.04, 96.02, NA, NA, NA, NA, 40.00, 100.00, 2718.00, 55.19, 0.64, 64.20, 37.00, 92.50, 40.00, 100.00
94144, NA, NA, 0.57, 42.80, 5.93, 96.50, 0.04, 96.02, NA, NA, NA, NA, 40.00, 100.00, 2718.00, 55.19, 0.64, 64.20, 34.00, 85.00, 40.00, 100.00
94147, NA, NA, 0.57, 42.80, 5.93, 96.50, 0.04, 96.02, NA, NA, NA, NA, 40.00, 100.00, 2718.00, 55.19, 0.64, 64.20, 34.00, 85.00, 40.00, 100.00
94146, NA, NA, 0.57, 42.80, 5.93, 96.50, 0.04, 96.02, NA, NA, NA, NA, 40.00, 100.00, 2718.00, 55.19, 0.64, 64.20, 34.00, 85.00, 40.00, 100.00
94141, NA, NA, 0.57, 42.80, 5.93, 96.50, 0.04, 96.02, NA, NA, NA, NA, 40.00, 100.00, 2718.00, 55.19, 0.64, 64.20, 17.00, 42.50, 40.00, 100.00
94140, NA, NA, 0.57, 42.80, 5.93, 96.50, 0.04, 96.02, NA, NA, NA, NA, 40.00, 100.00, 2718.00, 55.19, 0.64, 64.20, 37.00, 92.50, 40.00, 100.00
94143, NA, NA, 0.57, 42.80, 5.93, 96.50, 0.04, 96.02, NA, NA, NA, NA, 40.00, 100.00, 2718.00, 55.19, 0.64, 64.20, 14.00, 35.00, 40.00, 100.00
94142, NA, NA, 0.57, 42.80, 5.93, 96.50, 0.04, 96.02, NA, NA, NA, NA, 40.00, 100.00, 2718.00, 55.19, 0.64, 64.20, 35.00, 87.50, 40.00, 100.00
94624, NA, NA, 0.53, 47.10, 66.09, 33.42, -0.02, 96.47, NA, NA, NA, NA, 1.00, 2.50, 5091.00, 16.07, 0.60, 60.50, 0.00, 0.00, 30.00, 75.00
94625, NA, NA, 0.53, 47.10, 66.09, 33.42, -0.02, 96.47, NA, NA, NA, NA, 0.00, 0.00, 5091.00, 16.07, 0.60, 60.50, 0.00, 0.00, 3.00, 7.50
95497, NA, NA, 0.00, 100.00, 5.36, 97.10, 0.00, 96.30, NA, NA, 3.40, 93.25, 1.00, 2.50, 0.00, 100.00, 0.00, 0.00, 0.00, 0.00, 1.00, 2.50
94620, NA, NA, 0.08, 91.80, 86.67, 11.85, -0.03, 96.50, NA, NA, NA, NA, 21.00, 52.50, 1066.00, 82.43, 0.58, 57.60, 8.00, 20.00, 40.00, 100.00
94621, 23.75, 24.64, 0.53, 47.10, 66.09, 33.42, -0.02, 96.47, 57.49, 42.23, 32.80, 34.92, 3.00, 7.50, 5091.00, 16.07, 0.60, 60.50, 0.00, 0.00, 1.00, 2.50
94622, NA, NA, 0.53, 47.10, 66.09, 33.42, -0.02, 96.47, NA, NA, NA, NA, 3.00, 7.50, 5091.00, 16.07, 0.60, 60.50, 0.00, 0.00, 36.00, 90.00
94623, NA, NA, 0.53, 47.10, 66.09, 33.42, -0.02, 96.47, NA, NA, NA, NA, 4.00, 10.00, 5091.00, 16.07, 0.60, 60.50, 0.00, 0.00, 20.00, 50.00
94720, 26.74, 31.42, 0.53, 47.10, 74.09, 25.04, 0.10, 95.58, 58.05, 48.32, 36.40, 27.78, 31.00, 77.50, 2878.00, 52.56, 0.57, 56.60, 25.00, 62.50, 40.00, 100.00
95148, 26.13, 30.04, 0.40, 60.40, 46.30, 54.17, 0.06, 95.87, 54.52, 9.90, 6.40, 87.30, 2.00, 5.00, 1475.00, 75.68, 0.61, 61.20, 0.00, 0.00, 1.00, 2.50
95140, 26.13, 30.04, NA, NA, NA, NA, NA, NA, 54.52, 9.90, 0.00, 100.00, 0.00, 0.00, NA, NA, NA, NA, 0.00, 0.00, 0.00, 0.00
95141, NA, NA, 0.40, 60.40, 46.30, 54.17, 0.06, 95.87, NA, NA, NA, NA, 1.00, 2.50, 1475.00, 75.68, 0.61, 61.20, 0.00, 0.00, 0.00, 0.00
94088, NA, NA, 0.51, 49.30, 19.20, 82.59, 0.06, 95.82, NA, NA, NA, NA, 2.00, 5.00, 839.00, 86.17, 0.61, 60.80, 0.00, 0.00, 7.00, 17.50
94089, NA, NA, 0.51, 49.30, 19.20, 82.59, 0.06, 95.82, NA, NA, 6.80, 86.51, 9.00, 22.50, 839.00, 86.17, 0.61, 60.80, 0.00, 0.00, 21.00, 52.50
94080, NA, NA, NA, NA, NA, NA, NA, NA, NA, NA, 7.40, 85.32, 20.00, 50.00, NA, NA, NA, NA, 0.00, 0.00, 40.00, 100.00
94083, NA, NA, 0.39, 60.90, 30.12, 71.14, 0.05, 95.92, NA, NA, NA, NA, 29.00, 72.50, 1230.00, 79.72, 0.63, 63.20, 1.00, 2.50, 40.00, 100.00
94085, 14.68, 4.08, 0.51, 49.30, 19.20, 82.59, 0.06, 95.82, 60.28, 72.66, 9.90, 80.36, 19.00, 47.50, 839.00, 86.17, 0.61, 60.80, 2.00, 5.00, 40.00, 100.00
94086, 14.68, 4.08, 0.51, 49.30, 19.20, 82.59, 0.06, 95.82, 60.28, 72.66, 7.80, 84.52, 15.00, 37.50, 839.00, 86.17, 0.61, 60.80, 1.00, 2.50, 40.00, 100.00
94087, NA, NA, 0.51, 49.30, 19.20, 82.59, 0.06, 95.82, NA, NA, 5.20, 89.68, 11.00, 27.50, 839.00, 86.17, 0.61, 60.80, 1.00, 2.50, 39.00, 97.50
94534, 26.26, 30.33, NA, NA, NA, NA, NA, NA, 60.31, 72.93, 5.40, 89.29, 2.00, 5.00, NA, NA, NA, NA, 0.00, 0.00, 1.00, 2.50
94535, 25.05, 27.59, NA, NA, NA, NA, NA, NA, 61.73, 88.40, 11.50, 77.18, 6.00, 15.00, NA, NA, NA, NA, 0.00, 0.00, 10.00, 25.00
94536, 15.88, 6.81, 0.34, 66.00, 27.24, 74.16, 0.05, 95.90, 59.65, 65.76, 7.10, 85.91, 8.00, 20.00, 1132.00, 81.34, 0.59, 59.10, 1.00, 2.50, 40.00, 100.00
94537, NA, NA, 0.34, 66.00, 27.24, 74.16, 0.05, 95.90, NA, NA, NA, NA, 19.00, 47.50, 1132.00, 81.34, 0.59, 59.10, 0.00, 0.00, 21.00, 52.50
94530, NA, NA, 0.37, 63.00, 59.86, 39.96, 0.02, 96.18, NA, NA, 7.30, 85.52, 8.00, 20.00, 2583.00, 57.42, 0.63, 63.10, 2.00, 5.00, 29.00, 72.50
94531, 13.22, 0.77, 0.33, 67.20, 19.86, 81.89, 0.13, 95.31, 61.50, 85.92, 8.70, 82.74, 5.00, 12.50, 2535.00, 58.21, 0.58, 58.40, 0.00, 0.00, 7.00, 17.50
95009, NA, NA, 0.46, 54.40, 36.34, 64.62, 0.03, 96.06, NA, NA, NA, NA, 34.00, 85.00, 1592.00, 73.76, 0.67, 67.20, 2.00, 5.00, 40.00, 100.00
95008, 23.08, 23.12, 0.46, 54.40, 36.34, 64.62, 0.03, 96.06, 59.20, 60.85, 8.50, 83.13, 34.00, 85.00, 1592.00, 73.76, 0.67, 67.20, 3.00, 7.50, 40.00, 100.00
95007, 50.48, 85.24, 0.20, 79.80, 12.47, 89.64, 0.09, 95.62, 58.53, 53.59, 0.00, 100.00, 1.00, 2.50, 0.00, 100.00, 0.78, 77.80, 1.00, 2.50, 12.00, 30.00
95006, NA, NA, 0.20, 79.70, 13.90, 88.14, 0.21, 94.74, NA, NA, 9.50, 81.15, 0.00, 0.00, 0.00, 100.00, 0.63, 63.00, 0.00, 0.00, 0.00, 0.00
95005, 50.48, 85.24, 0.30, 70.40, 12.59, 89.52, 1.64, 83.90, 58.53, 53.59, 7.90, 84.33, 1.00, 2.50, 0.00, 100.00, 0.63, 62.60, 1.00, 2.50, 15.00, 37.50
95003, 21.89, 20.41, NA, NA, NA, NA, NA, NA, 57.26, 39.74, 10.00, 80.16, 12.00, 30.00, NA, NA, NA, NA, 1.00, 2.50, 35.00, 87.50
95002, NA, NA, 0.00, 100.00, 25.23, 76.26, 0.00, 96.30, NA, NA, 15.00, 70.24, 20.00, 50.00, 0.00, 100.00, 0.00, 0.00, 3.00, 7.50, 40.00, 100.00
95001, 20.27, 16.75, 0.28, 72.00, 19.91, 81.84, -0.34, 98.86, 57.23, 39.42, NA, NA, 13.00, 32.50, 0.00, 100.00, 0.57, 57.50, 1.00, 2.50, 40.00, 100.00
94929, NA, NA, 0.02, 98.00, 7.82, 94.52, -0.11, 97.16, 53.62, 0.00, 0.00, 100.00, 2.00, 5.00, 0.00, 100.00, 0.00, 0.00, 0.00, 0.00, 19.00, 47.50
94928, NA, NA, 0.43, 56.60, 18.32, 83.51, -0.03, 96.53, NA, NA, 13.00, 74.21, 19.00, 47.50, 1316.00, 78.31, 0.66, 65.60, 0.00, 0.00, 40.00, 100.00
94927, NA, NA, 0.43, 56.60, 18.32, 83.51, -0.03, 96.53, NA, NA, NA, NA, 19.00, 47.50, 1316.00, 78.31, 0.66, 65.60, 0.00, 0.00, 40.00, 100.00
94926, NA, NA, 0.43, 56.60, 18.32, 83.51, -0.03, 96.53, NA, NA, NA, NA, 13.00, 32.50, 1316.00, 78.31, 0.66, 65.60, 0.00, 0.00, 40.00, 100.00
94925, 38.26, 57.54, 0.26, 73.90, 15.71, 86.24, 0.02, 96.17, NA, NA, 3.90, 92.26, 11.00, 27.50, 0.00, 100.00, 0.65, 65.10, 0.00, 0.00, 40.00, 100.00
94924, NA, NA, 0.23, 76.50, 11.04, 91.14, 0.30, 94.03, NA, NA, 13.00, 74.21, 0.00, 0.00, 0.00, 100.00, 0.69, 69.50, 0.00, 0.00, 0.00, 0.00
94923, 56.99, 100.00, 0.07, 93.50, 5.69, 96.75, -0.24, 98.14, 55.54, 20.94, 7.70, 84.72, 6.00, 15.00, 0.00, 100.00, 0.47, 46.80, 0.00, 0.00, 30.00, 75.00
94922, 56.99, 100.00, 0.49, 50.70, 6.22, 96.19, 0.06, 95.83, 55.54, 20.94, 29.60, 41.27, 2.00, 5.00, 0.00, 100.00, 0.71, 70.80, 0.00, 0.00, 5.00, 12.50
94920, NA, NA, NA, NA, NA, NA, NA, NA, NA, NA, 5.90, 88.29, 35.00, 87.50, NA, NA, NA, NA, 1.00, 2.50, 40.00, 100.00
95448, 47.43, 78.33, 0.38, 62.00, 10.70, 91.50, 0.05, 95.93, 59.84, 67.85, 10.30, 79.56, 1.00, 2.50, 1086.00, 82.10, 0.60, 60.20, 0.00, 0.00, 6.00, 15.00
95446, 55.41, 96.42, 0.29, 71.10, 7.57, 94.78, 0.86, 89.81, NA, NA, 17.50, 65.28, 3.00, 7.50, 0.00, 100.00, 0.64, 63.90, 0.00, 0.00, 0.00, 0.00
95444, 42.28, 66.65, 0.31, 68.60, 12.59, 89.52, -0.06, 96.75, 57.26, 39.69, 7.80, 84.52, 3.00, 7.50, 0.00, 100.00, 0.81, 80.50, 0.00, 0.00, 20.00, 50.00
95442, NA, NA, 0.32, 67.80, 13.48, 88.58, -0.21, 97.89, NA, NA, 7.60, 84.92, 6.00, 15.00, 0.00, 100.00, 0.44, 43.60, 0.00, 0.00, 38.00, 95.00
95441, 44.36, 71.37, 0.25, 74.80, 10.96, 91.22, -0.13, 97.30, 60.36, 73.48, 9.20, 81.75, 0.00, 0.00, 0.00, 100.00, 0.54, 54.10, 0.00, 0.00, 0.00, 0.00
95253, 19.31, 14.58, 0.43, 56.70, 3.40, 99.15, 0.07, 95.78, 61.23, 83.02, NA, NA, 2.00, 5.00, 0.00, 100.00, 0.69, 68.70, 0.00, 0.00, 10.00, 25.00
95402, 32.20, 43.80, 0.42, 57.70, 61.16, 38.59, 0.14, 95.26, 59.19, 60.76, NA, NA, 15.00, 37.50, 1510.00, 75.11, 0.60, 60.50, 2.00, 5.00, 40.00, 100.00
95258, 19.02, 13.92, 0.28, 71.50, 3.67, 98.87, -0.10, 97.04, 61.23, 83.02, 14.50, 71.23, 20.00, 50.00, 0.00, 100.00, 0.64, 64.20, 0.00, 0.00, 3.00, 7.50
95696, 25.87, 29.46, NA, NA, NA, NA, NA, NA, 62.07, 92.12, NA, NA, 0.00, 0.00, NA, NA, NA, NA, 0.00, 0.00, 0.00, 0.00
94660, NA, NA, 0.53, 47.10, 66.09, 33.42, -0.02, 96.47, NA, NA, NA, NA, 40.00, 100.00, 5091.00, 16.07, 0.60, 60.50, 8.00, 20.00, 40.00, 100.00
94661, NA, NA, 0.53, 47.10, 66.09, 33.42, -0.02, 96.47, NA, NA, NA, NA, 11.00, 27.50, 5091.00, 16.07, 0.60, 60.50, 1.00, 2.50, 27.00, 67.50
94662, 15.47, 5.87, 0.56, 44.40, 66.76, 32.72, 0.46, 92.78, 60.00, 69.62, NA, NA, 40.00, 100.00, 6066.00, 0.00, 0.69, 68.70, 4.00, 10.00, 40.00, 100.00
94666, NA, NA, 0.53, 47.10, 66.09, 33.42, -0.02, 96.47, NA, NA, NA, NA, 40.00, 100.00, 5091.00, 16.07, 0.60, 60.50, 13.00, 32.50, 40.00, 100.00
94066, 26.29, 30.40, 0.41, 59.10, 50.03, 50.26, 0.02, 96.12, 58.26, 50.59, 6.00, 88.10, 6.00, 15.00, 1125.00, 81.45, 0.65, 65.30, 0.00, 0.00, 16.00, 40.00
94108, NA, NA, 0.57, 42.80, 5.93, 96.50, 0.04, 96.02, NA, NA, 25.80, 48.81, 40.00, 100.00, 2718.00, 55.19, 0.64, 64.20, 40.00, 100.00, 40.00, 100.00
94549, NA, NA, 0.24, 76.30, 40.71, 60.03, -0.00, 96.31, NA, NA, 3.50, 93.06, 16.00, 40.00, 778.00, 87.17, 0.53, 52.50, 2.00, 5.00, 40.00, 100.00
94065, NA, NA, 0.46, 54.50, 17.24, 84.64, 0.02, 96.16, NA, NA, 3.10, 93.85, 19.00, 47.50, 1378.00, 77.28, 0.65, 64.60, 1.00, 2.50, 40.00, 100.00
94062, 24.96, 27.40, NA, NA, NA, NA, NA, NA, 59.45, 63.58, 4.30, 91.47, 1.00, 2.50, NA, NA, NA, NA, 0.00, 0.00, 0.00, 0.00
94063, 20.32, 16.87, 0.46, 54.50, 17.24, 84.64, 0.02, 96.16, 59.36, 62.58, 17.20, 65.87, 2.00, 5.00, 1378.00, 77.28, 0.65, 64.60, 0.00, 0.00, 10.00, 25.00
94060, NA, NA, 0.48, 52.30, 10.55, 91.65, -0.17, 97.57, NA, NA, 12.10, 75.99, 0.00, 0.00, 0.00, 100.00, 0.87, 86.70, 0.00, 0.00, 0.00, 0.00
94061, 24.96, 27.40, 0.46, 54.50, 17.24, 84.64, 0.02, 96.16, 59.45, 63.58, 7.30, 85.52, 12.00, 30.00, 1378.00, 77.28, 0.65, 64.60, 0.00, 0.00, 33.00, 82.50
94101, NA, NA, 0.57, 42.80, 5.93, 96.50, 0.04, 96.02, NA, NA, NA, NA, 0.00, 0.00, 2718.00, 55.19, 0.64, 64.20, 0.00, 0.00, 3.00, 7.50
94103, 23.65, 24.42, 0.57, 42.80, 5.93, 96.50, 0.04, 96.02, 57.33, 40.51, 26.20, 48.02, 40.00, 100.00, 2718.00, 55.19, 0.64, 64.20, 15.00, 37.50, 40.00, 100.00
94102, 23.65, 24.42, 0.57, 42.80, 5.93, 96.50, 0.04, 96.02, 57.33, 40.51, 31.80, 36.90, 40.00, 100.00, 2718.00, 55.19, 0.64, 64.20, 35.00, 87.50, 40.00, 100.00
94105, NA, NA, 0.57, 42.80, 5.93, 96.50, 0.04, 96.02, NA, NA, 6.10, 87.90, 40.00, 100.00, 2718.00, 55.19, 0.64, 64.20, 30.00, 75.00, 40.00, 100.00
94104, NA, NA, 0.57, 42.80, 5.93, 96.50, 0.04, 96.02, NA, NA, 23.70, 52.98, 40.00, 100.00, 2718.00, 55.19, 0.64, 64.20, 37.00, 92.50, 40.00, 100.00
94107, 20.78, 17.91, 0.57, 42.80, 5.93, 96.50, 0.04, 96.02, 60.32, 73.02, 8.40, 83.33, 40.00, 100.00, 2718.00, 55.19, 0.64, 64.20, 8.00, 20.00, 40.00, 100.00
94106, NA, NA, 0.57, 42.80, 5.93, 96.50, 0.04, 96.02, NA, NA, NA, NA, 0.00, 0.00, 2718.00, 55.19, 0.64, 64.20, 0.00, 0.00, 3.00, 7.50
