ZIP, City, County, State, Year_1996, Year_1997, Year_1998, Year_1999, Year_2000, Year_2001, Year_2002, Year_2003, Year_2004, Year_2005, Year_2006, Year_2007, Year_2008, Year_2009, Year_2010, Year_2011, Year_2012, Year_2013, Year_2014, Year_2015
94506, Danville, Contra Costa, CA, 417700.00, 459454.17, 501562.50, 570520.83, 682020.83, 716984.83, 735687.50, 788062.50, 900466.67, 1056116.67, 1154020.83, 1076308.33, 1023966.67, 881775.00, 862018.75, 850108.33, 828929.76, 962583.33, 1092479.17, 1114200.00
95120, San Jose, Santa Clara, CA, 366122.22, 404054.17, 466883.33, 512691.67, 671867.42, 669759.08, 683704.17, 699012.50, 776675.00, 894629.17, 1003677.81, 966895.83, 966507.39, 854119.41, 885864.58, 849427.08, 876135.25, 986075.00, 1168075.00, 1273340.00
95030, Los Gatos, Santa Clara, CA, 586360.29, 628367.24, 758779.26, 775146.15, 1082982.69, 1097500.00, 998641.03, 1034119.49, 1329569.84, 1358076.28, 1596515.84, 1622203.89, 1629500.00, 1263696.27, 1461480.77, 1232022.17, 1464940.27, 1601202.35, 2021954.54, 2032965.69
94533, Fairfield, Solano, CA, 127700.00, 122925.00, 129304.17, 136841.67, 159362.50, 194572.92, 246956.25, 267041.67, 321270.83, 402604.17, 401573.75, 363013.75, 211672.88, 157238.58, 166533.33, 170208.33, 165916.67, 199625.00, 258827.08, 264435.00
94404, Foster City, San Mateo, CA, 295130.56, 307204.17, 360115.88, 392628.38, 534004.17, 524041.67, 517683.33, 538554.17, 620516.67, 739741.67, 731846.67, 745520.83, 769447.92, 680127.35, 697856.25, 653339.58, 671104.17, 747265.51, 798908.33, 927900.00
94401, San Mateo, San Mateo, CA, 210072.22, 224909.38, 255362.50, 306239.58, 369106.25, 413820.83, 429600.00, 450483.33, 492304.17, 584875.00, 653166.67, 603425.00, 521129.94, 472456.91, 467973.26, 419677.08, 475087.72, 554774.57, 637380.50, 643900.00
94402, San Mateo, San Mateo, CA, 397750.00, 461724.39, 489157.17, 553666.67, 668433.33, 743650.00, 730241.67, 786279.17, 828772.92, 965768.75, 1002775.00, 1059108.33, 1085120.40, 982981.70, 990492.38, 917949.25, 917523.10, 1012185.55, 1163795.74, 1822235.29
94568, Dublin, Alameda, CA, 192027.78, 199485.42, 217352.08, 262020.83, 392641.67, 500556.25, 474085.42, 508841.67, 515083.33, 579812.50, 614404.17, 589039.58, 514720.83, 462897.92, 528214.58, 511631.25, 513108.33, 604535.42, 652187.50, 648300.00
95425, Cloverdale, Sonoma, CA, 133500.00, 149300.45, 184422.24, 211020.83, 253356.25, 271289.84, 298828.11, 338406.25, 407016.67, 508766.67, 481979.09, 472500.00, NA, 255000.00, 242117.65, NA, 266568.63, 338431.37, 352647.06, 435000.00
94566, Pleasanton, Alameda, CA, 295652.78, 313606.00, 353645.83, 379000.00, 487062.50, 505447.92, 546694.17, 582189.58, 662518.75, 799347.92, 850068.75, 864270.83, 792348.78, 776259.15, 740912.50, 754054.17, 708145.83, 827437.50, 907691.67, 955044.06
94565, Pittsburg, Contra Costa, CA, 121002.78, 117887.50, 126033.33, 146000.00, 173237.50, 223258.33, 259617.08, 299766.67, 346891.67, 426804.17, 451943.75, 430768.75, 308561.76, 180110.42, 181895.83, 165167.08, 170070.83, 242233.33, 287537.50, 303810.00
94564, Pinole, Contra Costa, CA, 163269.41, 162202.45, 173149.02, 200581.25, 252602.08, 307245.83, 327858.33, 369107.47, 431437.50, 523312.50, 528823.46, 513384.59, 347500.00, 311764.71, 305341.63, 262669.09, 253250.00, 319487.18, 376584.87, 420294.12
94563, Orinda, Contra Costa, CA, 428177.78, 427783.33, 480291.67, 560645.83, 658104.17, 744507.31, 744779.17, 791316.14, 947085.09, 1101658.24, 1140878.68, 1154930.25, 1159696.66, 905030.70, 969455.97, 899519.88, 984042.82, 1108516.12, 1214155.08, 1372004.90
94561, Oakley, Contra Costa, CA, 150783.33, 146591.67, 148558.33, 169208.33, 196081.42, 241187.50, 268391.67, 306233.33, 370479.17, 454625.00, 483916.67, 457062.50, 379825.00, 243204.17, 215560.42, 210270.83, 220750.00, 279291.67, 327316.67, 340270.00
94560, Newark, Alameda, CA, 176750.00, 195562.50, 216187.50, 241750.00, 310583.33, 368591.67, 379137.50, 408241.67, 465716.67, 580625.00, 610800.00, 586063.64, 461330.39, 359110.72, 371141.67, 337952.08, 358772.92, 436122.92, 548171.00, 607145.00
94118, San Francisco, San Francisco, CA, 420221.51, 405050.00, 517416.67, 639041.67, 809100.00, 774739.92, 751173.53, 706671.29, 822072.73, 983468.79, 981629.21, 1059917.42, 1159533.82, 1111522.06, 1018603.76, 1073566.01, 1038473.25, 1041148.76, 1454056.40, 1852941.18
94611, Oakland, Alameda, CA, 321583.33, 334491.67, 341549.55, 370445.45, 488841.67, 497666.67, 581395.83, 612270.83, 688754.17, 777829.17, 792116.67, 777550.00, 769576.18, 727945.59, 751286.40, 745876.33, 724087.50, 755264.79, 800062.50, 815550.00
94610, Oakland, Alameda, CA, 177784.54, 202730.00, 180675.00, 179406.82, 210973.08, 283943.75, 307215.00, 386507.31, 368566.67, 462319.42, 489811.26, 589008.14, 322058.82, 643356.30, 633987.49, 471750.06, 607151.67, 575926.65, 573721.80, 438000.00
94612, Oakland, Alameda, CA, NA, NA, NA, NA, NA, NA, NA, NA, 323235.29, NA, NA, NA, 349000.00, NA, 365000.00, NA, NA, NA, NA, NA
94112, San Francisco, San Francisco, CA, 202333.33, 226166.67, 249050.00, 290491.67, 364418.75, 418497.92, 451837.50, 497325.00, 588804.17, 680937.50, 706704.17, 694937.50, 611595.83, 541512.50, 525433.33, 504187.50, 522537.50, 628402.08, 735002.08, 764390.00
95003, Aptos, Santa Cruz, CA, 243322.22, 272675.00, 305583.33, 360254.17, 452016.67, 493687.50, 488666.67, 543991.67, 640445.83, 742679.17, 771683.33, 736454.17, 760402.38, 622223.20, 566138.98, 538700.72, 544525.75, 607833.92, 681095.59, 655930.00
94110, San Francisco, San Francisco, CA, 223930.56, 247047.92, 287545.83, 343862.50, 470729.17, 478921.91, 516384.26, 543481.00, 639508.33, 734229.17, 753179.17, 775208.33, 727837.50, 720858.53, 740000.17, 718975.00, 761034.03, 902591.67, 1066873.82, 1230458.37
94111, San Francisco, San Francisco, CA, 172358.46, NA, NA, NA, 538000.00, NA, 369000.00, NA, 405000.00, 685000.00, NA, 881941.18, NA, NA, NA, NA, NA, NA, NA, NA
94116, San Francisco, San Francisco, CA, 270894.44, 296287.50, 333712.50, 382520.83, 471912.50, 527458.33, 558041.67, 598637.50, 697654.17, 804604.17, 792145.83, 815831.25, 786989.58, 715512.50, 717132.29, 677895.83, 717392.95, 791444.69, 967379.93, 1092181.37
94117, San Francisco, San Francisco, CA, 321441.83, 311832.50, 392543.18, 475548.08, 636124.86, 675128.58, 596979.17, 642179.39, 726541.67, 818342.18, 765064.71, 870256.82, 1037756.98, 799351.92, 830658.77, 895442.60, 952407.35, 1039143.03, 1128229.07, 1380710.78
94114, San Francisco, San Francisco, CA, 373750.00, 398875.00, 446887.50, 543050.00, 731447.92, 720477.08, 716220.83, 766458.33, 887145.83, 1016583.33, 1035604.17, 1111250.00, 1034929.17, 944886.65, 965629.17, 924658.33, 1127332.93, 1185767.69, 1411452.38, 1408710.29
94115, San Francisco, San Francisco, CA, 355883.00, 351754.55, 426937.50, 511259.09, 617604.17, 626835.47, 634950.00, 689107.10, 702204.17, 814900.00, 822854.17, 928164.63, 933277.09, 839438.24, 929876.19, 828204.78, 939449.35, 908231.82, 1123899.55, 1257200.00
94954, Petaluma, Sonoma, CA, 201709.59, 206689.58, 224162.67, 256428.38, 347188.58, 354848.88, 373345.83, 423125.00, 488442.08, 576020.83, 584358.75, 552958.33, 436390.58, 386790.25, 368437.82, 342763.44, 354805.32, 417147.92, 479560.42, 510564.96
94952, Petaluma, Sonoma, CA, 225577.78, 231741.67, 228854.17, 270547.92, 325210.42, 380929.17, 398778.42, 451604.17, 508575.00, 619508.33, 653937.50, 608204.55, 520287.43, 460075.44, 443357.09, 410687.50, 484274.48, 532809.62, 588887.14, 541850.68
95210, Stockton, San Joaquin, CA, 100825.00, 90531.25, 92895.83, 99758.33, 109503.33, 142943.75, 166339.58, 191566.67, 237579.17, 319687.50, 335483.33, 301490.00, NA, 95117.84, 106087.50, 108916.67, 104741.37, 124330.07, 153446.27, 161170.00
94951, Penngrove, Sonoma, CA, NA, NA, NA, NA, 440000.00, NA, NA, NA, NA, NA, NA, NA, NA, NA, NA, NA, NA, NA, NA, NA
95133, San Jose, Santa Clara, CA, 186561.11, 192336.36, 211931.82, 235333.33, 303100.00, 376583.33, 377550.00, 376362.90, 446520.83, 497812.50, 574104.17, 585305.56, 588461.54, 282659.81, 364624.13, 325325.46, 360921.04, 463804.64, 566495.22, 622899.02
95215, Garden Acres, San Joaquin, CA, 82666.67, 81577.49, 74314.01, 81504.30, 90179.32, 110538.86, 136795.55, 158241.64, 211921.76, 259532.84, 311450.09, 318206.73, NA, NA, 68000.00, 51500.00, NA, NA, NA, NA
94607, Oakland, Alameda, CA, NA, NA, NA, 126711.54, 168788.94, 211565.61, 260346.98, 283146.83, 370113.12, 424854.17, 437900.00, 435986.40, 369370.16, 290711.54, 273710.29, 296032.28, 312067.87, 305317.35, 396116.67, 418850.00
94502, Alameda, Alameda, CA, 263911.11, 293868.89, 304382.95, 321245.83, 391199.21, 437960.58, 501605.00, 520958.33, 574354.17, 696746.42, 692174.21, 623831.93, 616822.13, 572351.32, 558528.05, 485372.50, 504652.40, 623589.74, 675339.56, 775294.12
94024, Los Altos, Santa Clara, CA, 598582.93, 701378.68, 737112.64, 860694.70, 1293723.84, 988227.94, 1151995.10, 1135753.27, 1305148.69, 1437457.52, 1575230.77, 1617819.37, 1711143.38, 1456579.44, 1521773.47, 1605947.86, 1791984.23, 1895655.35, 2214150.74, 2680227.15
94578, San Leandro, Alameda, CA, 152651.63, 153066.67, 165745.83, 185520.83, 244412.50, 287937.50, 318816.67, 344616.67, 417045.83, 512129.17, 527000.00, 471875.00, 345234.62, 286658.06, 305538.39, 259960.16, 274699.49, 357234.50, 407772.06, 429085.97
94579, San Leandro, Alameda, CA, NA, 171246.14, 194395.69, 279942.50, 285754.80, 348409.71, 362471.58, 392748.25, 459138.24, 532022.73, 569369.04, 536750.00, 370000.00, 353968.24, 343688.80, 316466.63, 332357.29, 398047.26, 480000.00, 491500.00
94124, San Francisco, San Francisco, CA, 148963.73, 151057.16, 188041.67, 224262.50, 285341.67, 348812.50, 379595.83, 422112.50, 483875.00, 580229.17, 629187.50, 559890.91, 473758.82, 393235.29, 360601.89, 298314.29, 349764.71, 441000.00, 480000.00, 560000.00
94123, San Francisco, San Francisco, CA, 457929.17, 468362.22, 623081.82, 705772.44, 933788.33, 932294.12, 821493.11, 996727.46, 1094080.01, 1065927.27, 1293829.99, 1230508.82, 1610967.19, 1219255.88, 1253287.33, 1254752.10, 1294383.82, 1257262.13, 1906871.15, 1891176.47
94122, San Francisco, San Francisco, CA, 275527.78, 304645.83, 339270.83, 379404.17, 482241.67, 528041.67, 558333.33, 607054.17, 710175.00, 793750.00, 790291.67, 827520.83, 798375.00, 749546.76, 691745.00, 672589.57, 708328.61, 848377.73, 931640.07, 1100823.53
94121, San Francisco, San Francisco, CA, 312764.85, 331837.50, 381441.64, 442712.86, 567909.30, 616510.26, 635916.62, 691114.86, 779070.83, 843095.83, 848007.35, 909169.31, 906667.23, 805149.72, 778951.43, 741296.82, 752083.48, 1030390.24, 1107106.62, 1395269.61
95436, Forestville, Sonoma, CA, NA, 166666.67, 162188.24, 157000.00, 202654.22, 220769.23, 260708.91, 303719.61, 327019.85, 420000.00, NA, NA, NA, NA, NA, NA, NA, NA, NA, NA
94602, Oakland, Alameda, CA, 188586.11, 201247.92, 215304.17, 221612.50, 297208.33, 331270.83, 367479.17, 427299.36, 503541.67, 531520.83, 582645.83, 597699.40, 571530.59, 570657.52, 524415.71, 455104.05, 523966.34, 545083.33, 657890.59, 826705.88
94572, Rodeo, Contra Costa, CA, NA, 142500.00, 171803.92, 177014.56, 232299.85, 287426.92, 309938.16, 353132.35, 426789.27, 505891.60, 520641.03, NA, NA, NA, NA, NA, NA, NA, NA, NA
94574, Saint Helena, Napa, CA, NA, 250000.00, 237127.26, 319301.66, 438529.41, NA, NA, NA, 620000.00, NA, NA, NA, NA, NA, NA, NA, NA, NA, NA, NA
94577, San Leandro, Alameda, CA, 159552.78, 158568.75, 177612.50, 197441.67, 257095.83, 308245.83, 349233.33, 380125.00, 444041.67, 525262.50, 555883.33, 528654.17, 432079.98, 362545.83, 337843.07, 307679.17, 300099.92, 391052.08, 426937.50, 422217.00
94606, Oakland, Alameda, CA, NA, 125641.03, 121953.78, 132686.61, 170208.33, 216757.35, 266342.60, 300043.48, 359950.13, 465678.92, 493925.34, 450294.12, NA, NA, NA, 220000.00, 357058.82, 323588.24, 417692.31, 378000.00
95132, San Jose, Santa Clara, CA, 225344.44, 250445.83, 283220.83, 319400.00, 404112.50, 437975.00, 448250.00, 454708.33, 522895.83, 626958.33, 585035.42, 674083.31, 584749.19, 461878.33, 517312.50, 475191.67, 498037.50, 609650.00, 702000.60, 739684.31
95131, San Jose, Santa Clara, CA, 241672.22, 241600.00, 278863.25, 310170.83, 393183.33, 424454.17, 426167.42, 425754.17, 499775.00, 623108.33, 653779.17, 637812.50, 573535.42, 466157.49, 489990.64, 465637.25, 471439.05, 552107.96, 636802.49, 671384.56
94605, Oakland, Alameda, CA, 132000.00, 143225.00, 157364.58, 156889.58, 197083.33, 244104.17, 289933.33, 320150.00, 378937.50, 453083.33, 481487.50, 486054.17, 392366.57, 316276.43, 289491.67, 252627.08, 238870.33, 314179.17, 378112.50, 446600.00
95209, Stockton, San Joaquin, CA, 115232.19, 118791.14, 123872.92, 136583.33, 164358.33, 203054.17, 221383.33, 253050.00, 308141.83, 419189.58, 438083.33, 377805.56, 223504.52, 182762.24, 179090.90, 169750.00, 160175.00, 192137.50, 240359.44, 247206.35
95136, San Jose, Santa Clara, CA, 219550.00, 239458.33, 271885.79, 308277.46, 390116.67, 431612.50, 441966.67, 456600.00, 525925.00, 626908.33, 659293.75, 618693.75, 548504.81, 459452.06, 457420.83, 428350.00, 436004.17, 523520.83, 629558.33, 678050.00
95135, San Jose, Santa Clara, CA, 281541.50, 338400.17, 339791.54, 386510.42, 490154.17, 569945.83, 518479.17, 537566.67, 516225.00, 629200.00, 708491.67, 671411.11, 514748.74, 597408.50, 592166.67, 569091.48, 626226.80, 719275.51, 846846.94, 759431.37
94601, Oakland, Alameda, CA, 111382.30, 104911.06, 110705.43, 125891.61, 154708.33, 209229.17, 241062.50, 282516.67, 345448.67, 425166.67, 466812.50, 461301.28, NA, 212625.79, 199718.20, 176004.12, 191183.26, 282092.76, 327141.86, 406000.00
94044, Pacifica, San Mateo, CA, 232325.00, 238608.33, 266083.33, 315458.33, 400541.67, 433708.33, 454333.33, 487041.67, 593816.67, 689860.42, 686906.25, 670583.33, 599977.17, 555525.59, 511708.33, 489025.00, 495223.04, 613466.67, 667612.50, 714925.00
95204, Stockton, San Joaquin, CA, 85223.37, 84993.75, 90035.42, 90880.42, 106897.92, 131060.42, 154233.33, 183398.33, 225914.58, 290456.25, 304808.33, 267364.29, 161538.46, 109397.06, 105197.67, 91954.17, 102426.62, 135293.41, 159830.95, 174670.76
95207, Stockton, San Joaquin, CA, 98916.67, 103440.91, 97820.45, 102860.42, 114697.92, 141775.00, 162681.25, 190625.00, 232256.25, 302625.00, 323054.17, 295572.22, 207404.22, 112785.19, 118645.62, 109987.50, 100673.28, 124490.91, 161970.01, 180680.00
95206, Stockton, San Joaquin, CA, 86591.39, 92450.00, 98772.92, 107960.42, 130427.08, 196093.75, 208738.48, 236697.35, 278370.83, 370025.92, 384233.33, 336662.41, 158922.62, 121662.50, 122291.67, 119750.00, 115129.17, 147000.00, 184916.67, 198220.00
94040, Mountain View, Santa Clara, CA, 201966.67, 230284.41, 302841.67, 301383.33, 476817.94, 469027.40, 471683.33, 480623.08, 506387.50, 637866.67, 720273.53, 629755.13, 680549.41, 878300.00, 965204.17, 900594.23, 1054957.11, 1070693.24, 1243352.75, 1197375.00
94041, Mountain View, Santa Clara, CA, NA, 294230.77, 470000.00, 516930.62, NA, NA, NA, 580000.00, 534000.00, 787000.00, NA, NA, 969000.00, NA, 685352.94, 741014.71, 1067000.00, NA, 1279500.00, NA
94608, Oakland, Alameda, CA, 111838.89, 125090.74, 132520.32, 145493.14, 208925.00, 258717.40, 270549.25, 315500.00, 378208.33, 452206.25, 509106.25, 460583.33, 354032.64, 331840.52, 315645.83, 288881.41, 298833.92, 384578.38, 432687.50, 450160.63
94043, Mountain View, Santa Clara, CA, 227933.66, 225714.58, 260427.08, 325520.83, 441351.70, 466981.12, 457504.17, 444537.50, 519075.00, 614500.00, 685779.17, 661072.22, 668903.36, 599421.73, 600490.53, 592565.20, 657102.90, 707233.22, 856213.91, 909287.19
95205, Stockton, San Joaquin, CA, 64629.81, 65691.98, 60685.90, 68872.50, 74145.83, 88079.58, 110512.50, 139520.08, 180363.25, 249516.67, 279070.83, 274925.00, NA, 53287.06, 61383.82, 53593.75, 63045.88, 76135.75, 98897.06, 90911.76
94801, Richmond, Contra Costa, CA, 101870.69, 93050.36, 107570.83, 108025.00, 131391.67, 168891.67, 218954.17, 260770.83, 307020.83, 398062.50, 439833.33, 448920.44, 150000.00, 153287.36, 131608.33, 117570.59, 130333.71, 169068.63, 251600.00, 261254.90
95236, Linden, San Joaquin, CA, NA, NA, NA, NA, NA, 254500.00, NA, NA, NA, NA, NA, NA, NA, NA, NA, NA, NA, NA, NA, NA
94960, San Anselmo, Marin, CA, 341769.61, 373062.06, 390895.83, 469104.17, 571947.10, 618014.54, 634625.00, 675135.42, 753021.16, 928129.17, 883877.45, 914377.88, 1028314.48, 799023.77, 762793.67, 712980.75, 844700.23, 916766.91, 954865.16, 1019217.65
95139, San Jose, Santa Clara, CA, 233507.98, 249674.21, 261091.47, 313960.11, 371430.32, 414000.00, 424150.59, 464047.08, 541050.90, 624365.06, 689457.01, NA, NA, 465000.00, 480000.00, 435000.00, 500000.00, 568000.00, 576470.59, NA
94965, Sausalito, Marin, CA, 326759.41, 300408.79, 304686.11, 428640.18, 525639.06, 493269.23, 618801.75, 623625.16, 716893.24, 756293.52, 906118.02, 902058.82, 1000000.00, NA, 825000.00, 682500.00, 543500.00, 806386.58, 928000.00, NA
95046, San Martin, Santa Clara, CA, NA, NA, NA, NA, 655000.00, NA, NA, 649000.00, 825000.00, NA, NA, NA, NA, NA, NA, NA, NA, NA, NA, NA
94571, Rio Vista, Solano, CA, NA, NA, 188576.92, 178933.11, 190197.13, 233997.92, 225712.50, 269141.50, 309621.17, 394710.42, 382407.50, 351239.58, NA, 210096.72, 203766.68, 177579.86, 158846.15, 228998.90, 265422.06, 288970.59
94803, El Sobrante, Contra Costa, CA, 172063.89, 165068.75, 188583.33, 198329.17, 242241.67, 288562.50, 337510.42, 386947.92, 433104.17, 515187.50, 549104.17, 520240.02, 381125.00, 317151.33, 272565.59, 259556.84, 274804.68, 351604.10, 399182.04, 314230.77
95377, Tracy, San Joaquin, CA, 184304.95, 187792.50, 194172.92, 243805.42, 278202.08, 340583.33, 331387.50, 378588.79, 445478.21, 583166.67, 593987.50, 578956.25, 328960.36, 264077.08, 269437.50, 258645.83, 262948.50, 343691.67, 392216.67, 398900.00
94804, Richmond, Contra Costa, CA, 126050.00, 130658.33, 132262.50, 139870.83, 172604.17, 220145.83, 258062.50, 293604.17, 344750.00, 414979.17, 432458.33, 403333.33, 268107.27, 175908.66, 170291.67, 138666.67, 160136.36, 213857.75, 284504.41, 310130.00
94010, Burlingame, San Mateo, CA, 539263.89, 571366.67, 616029.17, 734270.83, 936750.00, 953445.45, 867975.00, 961938.89, 1186958.33, 1370409.09, 1376502.08, 1559062.50, 1578250.00, 1313478.61, 1379645.83, 1420529.17, 1360064.03, 1660854.17, 1914520.83, 1697789.59
95258, Woodbridge, San Joaquin, CA, NA, NA, 172000.00, NA, 230000.00, 180000.00, NA, NA, 345000.00, NA, NA, NA, NA, NA, NA, NA, NA, NA, NA, NA
94805, Richmond, Contra Costa, CA, 121017.48, 139432.65, 148438.89, 164750.00, 209225.00, 263105.88, 298158.50, 350999.35, 394980.15, 465729.17, 488745.83, 463444.00, 333000.00, NA, 206215.69, 218000.00, NA, 287500.00, 343274.51, NA
95054, Santa Clara, Santa Clara, CA, NA, 274317.65, 255000.00, 357846.15, 413292.31, NA, 456877.00, 489304.15, 616724.26, 678114.58, 712304.17, 703432.60, NA, 599485.29, 559037.42, 551718.88, 571834.18, 681634.15, 760583.31, 762141.40
94131, San Francisco, San Francisco, CA, 278632.35, 305920.83, 352350.00, 427154.17, 556866.67, 573783.33, 581602.08, 645356.25, 760472.73, 845562.50, 838387.50, 865159.85, 847170.51, 816178.09, 803339.98, 758405.32, 859238.97, 941570.83, 1080445.83, 1336715.50
95409, Santa Rosa, Sonoma, CA, 212694.44, 217904.17, 219766.67, 252729.17, 303208.33, 343708.33, 357645.83, 400250.00, 463679.50, 558933.33, 570029.17, 531683.26, 463666.06, 383416.67, 368704.17, 365837.50, 353754.17, 423104.17, 484197.92, 529941.43
94133, San Francisco, San Francisco, CA, 336397.79, 356207.24, 440201.36, 501316.74, 818000.00, 563000.00, 662967.69, 527186.20, 708841.29, 716093.21, 918122.17, 848034.71, NA, NA, 790000.00, 754750.00, 1168846.15, 1100500.00, NA, NA
95050, Santa Clara, Santa Clara, CA, 224000.33, 242493.75, 284042.92, 318750.00, 407093.75, 432867.66, 431752.68, 451479.17, 438709.09, 585691.67, 589891.67, 606428.28, 567533.23, 502721.57, 520403.94, 497077.44, 551116.97, 650808.59, 744839.14, 698602.94
95051, Santa Clara, Santa Clara, CA, 227233.33, 259916.67, 287612.50, 328700.00, 430787.50, 444892.42, 437812.50, 455733.33, 522225.00, 603750.00, 639583.33, 628914.58, 629952.08, 550383.33, 515604.17, 531492.42, 579514.65, 636389.58, 753652.08, 858800.00
95403, Santa Rosa, Sonoma, CA, 172510.71, 177010.83, 199087.50, 224216.67, 265500.00, 300691.67, 326331.25, 363431.25, 432256.42, 513479.17, 496579.58, 459875.00, 384960.42, 297612.50, 289395.83, 280823.08, 280568.55, 357170.83, 383718.75, 427690.00
95401, Santa Rosa, Sonoma, CA, 155705.56, 153839.58, 162379.17, 176404.17, 222750.00, 248166.67, 286562.50, 324437.50, 389716.67, 461825.00, 475720.83, 421580.05, 306353.92, 254916.67, 262904.17, 238330.88, 244956.50, 310554.63, 373225.52, 392715.69
94609, Oakland, Alameda, CA, 157274.51, 158500.00, 160472.11, 218778.11, 258828.36, 311862.75, 371769.23, 376027.45, 438843.07, 454496.61, 557614.89, 531235.29, 432500.00, 422500.00, 425538.46, 386346.15, 376666.67, 636284.31, 705944.57, 800000.00
95407, Santa Rosa, Sonoma, CA, 139948.53, 143773.05, 157056.25, 183349.00, 226256.25, 272520.83, 296462.50, 331708.33, 408495.83, 488385.58, 474160.58, 420690.00, 277433.48, 255312.50, 244200.33, 222008.33, 236694.80, 295865.93, 335074.86, 344330.88
95045, San Juan Bautista, San Benito, CA, NA, NA, NA, NA, NA, NA, NA, NA, 785500.00, NA, NA, NA, NA, NA, NA, NA, NA, NA, NA, NA
95405, Santa Rosa, Sonoma, CA, 171666.67, 186145.83, 192733.50, 218083.33, 264458.33, 305281.25, 331954.17, 362883.33, 440270.83, 513458.33, 519437.50, 486865.48, 419681.54, 350602.99, 336899.38, 309727.54, 305465.13, 407714.03, 431637.50, 453195.00
95404, Santa Rosa, Sonoma, CA, 182194.44, 204158.33, 209700.00, 247683.33, 293400.00, 303422.65, 358106.90, 397049.96, 467069.33, 586958.33, 591645.83, 525520.83, 479285.29, 403175.75, 392186.24, 354562.50, 382708.33, 468101.21, 503708.33, 498360.00
94037, Montara, San Mateo, CA, NA, NA, NA, 485000.00, NA, NA, 575000.00, 600000.00, NA, NA, NA, NA, NA, NA, NA, NA, NA, NA, NA, NA
94509, Antioch, Contra Costa, CA, 129300.00, 125108.33, 132375.00, 149960.42, 178289.58, 224343.75, 250552.08, 286585.42, 334427.08, 424487.50, 443108.33, 416947.44, 265245.93, 164466.67, 159262.50, 154033.33, 168562.50, 210479.17, 270104.17, 277800.00
95129, San Jose, Santa Clara, CA, 279318.75, 333968.17, 374854.17, 408604.17, 560020.83, 547290.62, 515750.00, 533083.33, 613320.83, 700866.67, 763083.33, 803340.91, 851154.47, 773308.82, 824966.67, 801670.22, 855875.26, 888656.25, 1127623.71, 1347910.92
95219, Stockton, San Joaquin, CA, 144312.50, 151117.06, 152327.08, 159167.08, 162856.75, 201586.75, 235139.75, 273158.33, 336752.08, 433508.08, 419770.83, 387276.92, 302019.23, 234389.75, 216151.02, 211607.69, 185923.95, 228569.64, 274595.25, 315170.00
95124, San Jose, Santa Clara, CA, 247205.56, 270395.83, 313433.65, 344935.60, 441500.00, 490166.67, 482250.00, 500643.75, 561481.25, 680750.00, 716983.33, 730558.33, 689604.17, 590852.08, 620335.42, 590437.50, 657545.83, 759412.50, 842358.33, 888800.00
95125, San Jose, Santa Clara, CA, 276055.56, 299695.83, 342950.00, 385645.83, 501916.67, 517416.67, 528895.83, 540770.83, 589354.17, 695375.00, 724104.17, 765829.17, 759625.00, 624525.00, 638208.33, 642404.17, 668608.33, 766654.17, 848916.67, 946700.00
95126, San Jose, Santa Clara, CA, 216302.78, 229744.27, 238840.90, 309839.58, 362993.75, 427373.00, 401076.47, 433637.70, 457831.25, 558147.92, 595220.83, 632161.02, 544775.11, 456689.58, 457381.25, 430791.67, 449537.50, 517477.65, 586062.50, 639980.00
95127, San Jose, Santa Clara, CA, 183294.44, 193404.17, 223629.17, 259041.67, 328262.50, 376045.83, 390520.83, 410604.17, 467679.17, 571550.00, 623295.83, 603874.99, 441800.98, 324625.09, 329829.17, 322950.00, 336360.42, 427062.50, 498662.50, 533660.00
94501, Alameda, Alameda, CA, 193200.00, 212487.50, 236595.83, 267250.00, 345062.50, 389717.77, 422931.81, 454062.50, 545606.25, 631727.08, 683687.50, 698770.83, 633666.67, 541250.93, 547779.17, 515029.17, 521756.02, 592319.61, 664668.72, 725550.00
95121, San Jose, Santa Clara, CA, 191494.44, 199883.33, 242408.33, 270757.50, 357604.17, 407812.50, 417804.17, 430825.00, 489904.17, 587404.17, 636270.83, 595685.29, 477907.72, 385170.44, 399462.50, 376231.25, 367035.42, 481250.00, 526719.45, 566837.06
95122, San Jose, Santa Clara, CA, 160322.22, 170979.17, 199737.50, 228875.00, 299145.83, 352308.33, 364483.33, 383420.83, 436475.00, 541333.33, 607637.50, 597161.54, 343500.00, 272578.26, 285066.67, 285895.83, 307677.67, 369872.92, 440799.38, 406272.34
95123, San Jose, Santa Clara, CA, 204855.56, 217381.25, 248139.58, 298729.17, 356916.67, 370248.08, 398541.67, 432937.50, 426770.83, 534612.50, 563358.33, 560820.83, 500812.50, 433833.33, 425033.33, 397333.33, 397562.50, 546191.67, 598437.50, 604660.00
94585, Suisun City, Solano, CA, 121205.56, 118508.33, 130683.33, 145620.83, 174954.17, 216616.67, 243591.67, 289054.17, 357685.42, 419135.42, 441583.33, 417015.44, 295304.98, 207360.29, 187562.50, 174882.52, 171417.50, 225079.90, 279749.86, 289900.00
94587, Union City, Alameda, CA, 198294.44, 213420.83, 201066.67, 244947.92, 292739.58, 376312.50, 382962.50, 416268.75, 470893.75, 564250.00, 597250.00, 606820.03, 490295.45, 386375.00, 392604.17, 356768.75, 379204.17, 449402.92, 518737.50, 592300.00
94580, San Lorenzo, Alameda, CA, 156816.67, 164192.66, 178631.37, 203283.33, 258354.17, 301375.00, 332937.50, 370458.33, 435679.17, 525633.33, 548437.50, 509833.78, 359333.26, 315952.08, 308991.26, 278107.18, 279579.19, 369014.71, 431958.82, 449487.25
94583, San Ramon, Contra Costa, CA, 246586.11, 269760.42, 310283.33, 347754.17, 413912.50, 471007.58, 494562.50, 520200.00, 616800.00, 722754.17, 650605.56, 677041.67, 610504.55, 547020.83, 578333.33, 524812.50, 542783.33, 681804.17, 743062.50, 757200.00
94582, San Ramon, Contra Costa, CA, 335216.67, 329427.08, 380683.33, 439675.00, 519520.83, 581458.33, 604250.00, 670083.33, 739993.75, 919462.50, 826710.42, 808714.58, 809139.58, 670541.67, 716502.08, 678991.67, 677033.33, 822052.08, 854062.50, 907550.00
94806, San Pablo, Contra Costa, CA, 113430.56, 109321.67, 121495.83, 134458.33, 163354.17, 212500.00, 248648.08, 294037.50, 357775.00, 444687.50, 484833.33, 439599.23, 285737.27, 212604.17, 180208.33, 156118.75, 192775.00, 220833.33, 278150.00, 308430.00
94588, Pleasanton, Alameda, CA, 277202.78, 269797.92, 284187.50, 346050.00, 412437.50, 436650.00, 456537.50, 485989.58, 582036.92, 689020.83, 688587.50, 689300.00, 645937.91, 564200.00, 591391.67, 596120.83, 567241.88, 644604.17, 713520.83, 783770.00
95330, Lathrop, San Joaquin, CA, NA, NA, 134857.14, 148912.50, 185663.97, 246418.57, 239539.20, 266997.40, 338110.42, 428042.88, 481858.48, 495251.85, 250000.00, 180292.65, 182244.48, 176631.24, 186925.15, 246728.60, 291713.62, 302705.88
95019, Freedom, Santa Cruz, CA, NA, NA, NA, NA, NA, NA, NA, 415000.00, 388500.00, NA, NA, NA, NA, NA, NA, NA, NA, NA, NA, NA
94002, Belmont, San Mateo, CA, 340333.33, 375000.00, 448812.50, 498937.50, 624937.50, 652916.67, 639050.00, 689054.17, 772591.67, 860625.00, 880816.67, 901108.33, 902068.17, 811776.18, 857118.26, 846070.83, 876788.89, 1000916.41, 1173584.27, 1323619.91
95020, Gilroy, Santa Clara, CA, 213755.56, 232895.83, 265291.67, 290754.17, 391891.67, 427687.50, 432839.58, 459472.92, 540020.83, 650791.67, 688337.50, 668658.33, 529316.67, 410625.00, 391970.83, 397904.17, 387475.00, 502125.00, 573416.67, 572340.00
95023, Hollister, San Benito, CA, 170922.22, 190879.17, 214191.67, 241572.92, 303408.33, 348731.25, 346954.17, 373079.17, 453941.67, 563625.00, 573470.83, 526529.08, 358173.30, 272677.27, 273129.17, 254529.17, 263770.83, 351666.67, 400775.00, 427312.50
94027, Atherton, San Mateo, CA, 1003711.54, 2348000.00, 1550000.00, 1495000.00, NA, NA, NA, NA, 3247500.00, 2897058.82, 2875000.00, 2600000.00, NA, NA, 2507692.31, 4250000.00, NA, NA, NA, NA
94303, Palo Alto, Santa Clara, CA, 332250.00, 238363.89, 295538.89, 310045.82, 406625.00, 466487.50, 506658.33, 464541.67, 525645.83, 604312.50, 650875.00, 741501.68, 987485.59, 814865.41, 722054.17, 1152916.67, 1464512.50, 848010.78, 1107237.50, 775291.86
94301, Palo Alto, Santa Clara, CA, 465429.17, 621724.79, 623788.46, 623687.50, 825000.00, NA, 826346.15, 804492.31, 963383.86, 1114000.00, 1250000.00, NA, 1479512.82, 1410823.32, 1593943.94, 1798184.57, 1855554.14, 2169204.78, 2800000.00, 2505000.00
94621, Oakland, Alameda, CA, 78802.70, 85151.33, 93315.74, 104213.58, 131651.72, 174587.50, 208141.67, 244150.00, 283212.50, 366512.50, 414541.67, 430105.77, NA, 101673.53, 101789.17, 100838.11, NA, 153179.49, 198659.56, 255000.00
94306, Palo Alto, Santa Clara, CA, 377690.84, 403720.63, 428961.54, 532086.44, 646444.23, 706058.82, 616328.67, 722598.86, 767046.13, 711593.44, 841087.78, 859529.41, 1049555.28, 1082231.19, 1127853.66, 1138958.52, 1296388.57, 1567753.03, 1861311.56, 2426470.59
94901, San Rafael, Marin, CA, 352058.31, 359236.41, 381287.50, 422918.15, 516614.69, 570381.42, 595554.17, 631258.33, 683770.83, 795512.50, 827695.83, 855354.17, 792258.84, 666691.25, 663666.29, 622832.74, 624797.33, 724161.72, 835180.39, 783934.65
95304, Tracy, San Joaquin, CA, NA, NA, 273000.00, NA, 314634.01, 495000.00, 434957.91, 524132.10, 585220.03, 667927.94, 710987.65, NA, NA, 395000.00, 280000.00, 324230.77, NA, NA, NA, NA
94903, San Rafael, Marin, CA, 274228.22, 294895.83, 322127.08, 363706.42, 454060.25, 492838.47, 539525.00, 559145.83, 636562.50, 725070.83, 728179.17, 713479.17, 668550.00, 585517.35, 554687.50, 572102.25, 555450.75, 603458.33, 675089.00, 670500.00
94904, Kentfield, Marin, CA, 427905.70, 458818.33, 484510.45, 527006.15, 558475.99, 738670.79, 771600.00, 822176.54, 921904.86, 1143863.22, 1159358.43, 1210266.90, 2125411.76, 975128.21, 1036533.09, 1006407.82, 1099981.62, 1271627.51, 1320029.35, 1615882.35
94518, Concord, Contra Costa, CA, 185447.22, 187125.00, 190983.33, 228000.00, 237340.91, 288110.42, 332406.67, 356208.33, 409958.33, 524895.83, 567708.33, 538068.90, 453839.99, 353962.96, 290813.24, 310536.86, 323021.70, 406503.67, 466576.65, 509455.77
94519, Concord, Contra Costa, CA, 149619.28, 158386.67, 162187.50, 180816.67, 223391.67, 274595.83, 305047.92, 347189.58, 411770.83, 513166.67, 530145.83, 483366.67, 346410.26, 280224.26, 277845.88, 251187.82, 278376.27, 358867.65, 405174.41, 428423.19
94022, Los Altos, Santa Clara, CA, 710985.71, 754286.36, 916765.95, 934639.85, 1651312.50, 1120088.24, 1030867.13, 1221796.15, 1404715.65, 1587930.20, 1472137.47, 1582562.71, 1893063.61, 1381966.91, 1541929.17, 1705656.18, 1866837.50, 2048350.45, 2592035.29, 3006742.65
94517, Clayton, Contra Costa, CA, 252147.22, 273843.75, 306168.75, 346229.17, 395311.17, 443660.42, 466854.17, 539441.67, 600895.83, 737634.21, 763317.12, 661384.80, 643874.81, 534797.06, 545014.48, 487404.41, 468151.96, 583805.88, 656171.42, 656204.37
94515, Calistoga, Napa, CA, 135000.00, NA, NA, NA, NA, NA, NA, NA, 599000.00, NA, NA, NA, NA, NA, NA, NA, NA, NA, NA, NA
94513, Brentwood, Contra Costa, CA, 192597.71, 195354.17, 226460.42, 244683.33, 284091.67, 325816.67, 343487.50, 395610.42, 456175.75, 596545.83, 625291.67, 550229.17, 406499.18, 320962.50, 315966.67, 305452.08, 307956.25, 382381.25, 439020.83, 448950.00
94510, Benicia, Solano, CA, 178944.44, 193487.50, 198350.00, 213777.08, 246621.50, 278861.17, 324745.83, 367400.00, 434345.83, 535445.83, 527175.00, 452398.50, 390207.42, 415467.44, 364770.83, 324566.67, 319305.16, 430270.53, 467570.44, 472100.00
94025, Menlo Park, San Mateo, CA, 403944.44, 466891.67, 559900.00, 581875.00, 727666.67, 672441.67, 724829.17, 725954.17, 829108.33, 1010958.33, 1002362.50, 1082491.67, 1220318.18, 1074187.50, 1054458.33, 1012104.17, 1155083.33, 1359344.82, 1564141.67, 1644575.00
94596, Walnut Creek, Contra Costa, CA, 275968.75, 229522.93, 264059.39, 261785.00, 243108.17, 316192.09, 322640.62, 308893.75, 331820.00, 515556.25, 483167.16, 640682.97, 689874.50, 520091.89, 375734.39, 447502.21, 590347.66, 608183.19, 553185.05, 538650.00
95076, Watsonville, Santa Cruz, CA, 177702.78, 187933.33, 189229.17, 212333.33, 275312.50, 338250.00, 364156.25, 394093.75, 491166.67, 627416.67, 635125.00, 596732.91, 382037.82, 287935.81, 293333.33, 652437.50, 274608.33, 337106.25, 407325.75, 430866.94
94595, Walnut Creek, Contra Costa, CA, 229002.78, 230902.08, 285891.67, 316173.98, 383212.50, 386295.83, 395500.00, 416704.17, 455500.00, 583208.33, 609083.33, 551137.50, 470318.43, 439154.17, 404895.83, 383299.24, 407000.00, 490895.83, 555575.00, 570155.00
94590, Vallejo, Solano, CA, 106556.52, 96558.33, 106705.76, 118137.50, 149395.83, 182762.50, 224937.50, 250754.17, 311225.00, 366822.92, 391177.08, 369141.09, NA, 136836.76, 135598.85, 110461.94, 112568.28, 145431.88, 200783.55, 209150.00
94591, Vallejo, Solano, CA, 143333.33, 142750.00, 172270.83, 190706.25, 240429.17, 274114.58, 313072.00, 357718.75, 403406.25, 492104.17, 506416.67, 481263.64, 333342.76, 1491783.85, 223167.33, 205605.67, 204204.17, 255279.17, 282202.08, 335015.00
95337, Manteca, San Joaquin, CA, 139269.44, 143881.15, 139779.77, 152077.08, 202752.83, 266731.25, 277545.83, 303784.08, 350404.17, 456441.67, 457955.67, 384452.00, 260000.00, 231886.03, 209321.41, 218472.92, 217869.81, 278856.25, 315145.83, 320650.00
94598, Walnut Creek, Contra Costa, CA, 288277.78, 300416.67, 321500.00, 361270.83, 416987.50, 477262.50, 516625.00, 563541.67, 608500.00, 761083.33, 743113.64, 699443.18, 684739.58, 620385.59, 589224.95, 541866.67, 594387.70, 705868.18, 727458.33, 788345.00
94503, American Canyon, Napa, CA, 158000.00, NA, 147471.15, 159674.59, 217351.61, 315195.83, 361364.58, 458568.75, 556720.83, 610943.75, 639129.94, 578726.78, 498696.55, 377767.95, 337234.97, 310434.37, 297710.50, 385980.39, 394440.05, 427000.00
94520, Concord, Contra Costa, CA, 118897.22, 116737.19, 126181.25, 142093.75, 169604.17, 197175.00, 230887.50, 302454.58, 309066.67, 407766.67, 446033.33, 404075.00, 263000.00, 198699.19, 192958.33, 171970.83, 161479.90, 255086.92, 324447.74, 343826.67
94710, Berkeley, Alameda, CA, NA, NA, NA, NA, NA, NA, NA, 375000.00, NA, NA, NA, NA, NA, NA, NA, NA, NA, NA, NA, NA
94619, Oakland, Alameda, CA, 149860.78, 151050.99, 166762.50, 188641.67, 234879.17, 290145.83, 339720.83, 355204.17, 455179.17, 507803.75, 556666.67, 550624.15, 561250.00, 429333.33, 388014.81, 368205.88, 365693.94, 430873.25, 523911.76, 535470.59
94931, Cotati, Sonoma, CA, 158500.00, 182966.18, 184497.33, 184966.67, 223589.89, 267389.18, 284967.35, 325310.65, 418195.24, 512570.00, 482747.76, 521960.78, NA, 342000.00, NA, 236500.00, 288000.00, NA, NA, NA
95070, Saratoga, Santa Clara, CA, 573500.00, 599062.50, 681770.83, 826583.33, 1099050.00, 1043437.41, 986666.67, 977266.67, 998150.00, 1192895.83, 1233977.27, 1352727.27, 1202977.63, 1352644.12, 1433028.45, 1409737.50, 1450300.00, 1632335.42, 1868281.57, 2036850.00
95203, Stockton, San Joaquin, CA, 75987.18, 89628.21, 70330.51, 79445.57, 95694.25, 125151.12, 145684.08, 167819.87, 204442.18, 281034.43, 293399.30, 275000.00, NA, NA, NA, 68989.44, NA, 68500.00, 39000.00, 145000.00
94618, Oakland, Alameda, CA, 281581.25, 278463.64, 284120.00, 339627.27, 497304.55, 517655.03, 607666.67, 588465.36, 747578.32, 794242.60, 834033.33, 786601.48, 834646.51, 749864.32, 819161.11, 753134.50, 765098.79, 799154.10, 900885.26, 1016470.59
95032, Los Gatos, Santa Clara, CA, 352341.67, 410745.83, 485868.75, 516050.00, 652958.33, 694739.72, 679141.67, 655631.25, 781493.75, 863291.67, 936695.83, 1095054.62, 1139631.31, 957377.14, 929375.00, 966958.33, 954533.93, 1070029.17, 1222729.17, 1397950.00
95212, Stockton, San Joaquin, CA, NA, 195000.00, NA, 155000.00, 185558.82, 226065.93, 245641.67, 297402.39, 334275.88, 427279.17, 467987.50, 455586.54, 247889.14, 208561.40, 190874.31, 182375.00, 181731.80, 216381.98, 271343.89, 275128.11
94015, Daly City, San Mateo, CA, 222405.56, 230445.83, 254704.17, 303916.67, 366837.50, 415187.50, 446787.50, 494258.33, 576350.00, 674750.00, 707791.67, 699583.33, 579573.75, 514392.92, 517687.50, 464500.00, 442417.68, 592241.75, 650470.83, 588287.50
94014, Daly City, San Mateo, CA, 194825.00, 197962.50, 229893.75, 264733.33, 331847.92, 398866.67, 421175.00, 472658.33, 552612.50, 651958.33, 688427.08, 666229.55, 532369.49, 452053.07, 462667.02, 406747.02, 414278.68, 505545.44, 613192.19, 652875.00
95037, Morgan Hill, Santa Clara, CA, 299883.33, 291593.75, 305058.33, 376910.42, 466125.00, 466933.33, 501358.33, 516750.00, 610679.17, 712341.67, 799062.50, 792760.42, 673876.74, 535863.24, 566062.50, 510628.76, 530020.20, 635389.58, 684858.33, 694740.00
95134, San Jose, Santa Clara, CA, 250382.94, 250874.39, 277385.75, 310909.24, 433380.54, NA, 425629.28, 428982.81, 437487.13, 575336.60, 582333.33, 560097.29, NA, NA, NA, NA, NA, NA, NA, NA
95035, Milpitas, Santa Clara, CA, 233600.00, 243041.67, 269604.17, 309383.33, 400804.17, 422404.17, 433366.67, 439540.17, 508233.33, 611887.50, 649245.83, 568166.67, 503145.83, 416972.92, 450902.08, 422041.67, 442441.67, 573433.33, 645220.83, 701160.00
94019, Half Moon Bay, San Mateo, CA, 322294.44, 324825.00, 380862.50, 427656.25, 540229.17, 610754.17, 613043.81, 616541.67, 727195.83, 824197.76, 839081.58, 844395.94, 749018.16, 655038.24, 614093.03, 613380.80, 701999.37, 755235.65, 819903.05, 914951.09
95148, San Jose, Santa Clara, CA, 235411.11, 257383.33, 290145.83, 318837.50, 413975.00, 459825.75, 453770.83, 490879.17, 568016.67, 676175.00, 729845.83, 706238.46, 582296.22, 491614.97, 495500.00, 457941.67, 471787.50, 620526.34, 698554.83, 702450.00
94523, Pleasant Hill, Contra Costa, CA, 197372.67, 208258.33, 224837.50, 250245.83, 299237.83, 355395.83, 389425.00, 441283.33, 496604.17, 601362.50, 619250.00, 594108.33, 509074.86, 458416.32, 421464.58, 393008.33, 419299.81, 489508.33, 564062.50, 553765.00
94923, Bodega Bay, Sonoma, CA, NA, NA, 367000.00, NA, 407921.57, NA, 540000.00, NA, 804685.52, NA, NA, NA, NA, NA, NA, NA, NA, NA, NA, NA
94521, Concord, Contra Costa, CA, 171450.00, 176508.33, 199950.00, 212116.67, 246812.50, 302645.83, 342083.33, 387916.67, 458541.67, 539875.00, 532458.33, 495187.50, 428020.83, 358875.00, 345375.00, 305083.33, 309083.33, 423191.67, 463854.17, 498680.00
95336, Manteca, San Joaquin, CA, 127641.67, 132143.75, 142518.75, 151662.50, 170739.58, 211308.33, 225304.17, 247630.61, 302384.47, 388608.33, 402108.33, 356615.00, 206637.63, 162845.92, 165727.08, 162045.83, 161433.33, 222145.83, 252672.92, 266235.00
94526, Danville, Contra Costa, CA, 340277.78, 341125.00, 375420.83, 423191.67, 500116.67, 555716.67, 598008.33, 616039.58, 719131.25, 835783.33, 853733.33, 866379.17, 862837.15, 723775.71, 708979.17, 720802.08, 691916.67, 765379.17, 913308.33, 889950.00
94158, San Francisco, San Francisco, CA, NA, NA, NA, NA, NA, NA, NA, NA, 800647.06, NA, NA, 885414.75, NA, 554276.47, 340357.06, NA, NA, NA, NA, 1300000.00
94603, Oakland, Alameda, CA, 92088.53, 97346.14, 100935.66, 114216.67, 145229.17, 187529.17, 223408.33, 262812.50, 308987.08, 382629.17, 428037.50, 418225.00, NA, 130394.12, 132589.37, 135877.27, 130174.40, 170019.42, 251963.56, 323576.92
94065, Redwood City, San Mateo, CA, 295255.56, 365220.83, 394450.00, 492941.67, 597937.50, 580186.36, 584323.50, 608295.08, 664725.00, 812457.53, 738517.65, 828539.67, 819671.49, 713629.90, 687277.68, 824072.40, 743462.10, 859916.71, 857072.62, NA
95446, Guerneville, Sonoma, CA, 117044.57, 127723.98, 133594.82, 130266.75, 171162.50, 187762.37, 241061.53, 254188.74, 309630.59, 354539.79, 367307.69, 350000.00, NA, NA, 255000.00, 200000.00, 225000.00, NA, 358750.00, NA
95472, Sebastopol, Sonoma, CA, 233263.89, 240741.46, 247083.29, 301366.67, 348041.67, 397841.67, 411783.33, 477758.33, 593411.87, 683902.51, 641906.25, 687761.36, 582277.57, 501630.88, 504666.58, 445139.89, 495353.49, 540975.69, 611687.82, 603103.92
94109, San Francisco, San Francisco, CA, 262583.33, 278458.33, 348229.17, 409145.83, 461083.33, 499666.67, 521825.00, 522535.75, 609829.17, 653762.50, 718779.17, 730235.01, 717626.54, 646405.79, 639831.25, 641626.71, 665274.90, 858377.47, 913211.74, 956250.00
94589, Vallejo, Solano, CA, 113693.79, 118847.29, 126008.33, 135458.33, 161947.92, 197568.75, 239016.67, 272066.67, 334441.67, 367647.50, 433837.50, 399450.00, NA, 135963.32, 146437.50, 130833.33, 121446.63, 170638.66, 223837.38, 253674.63
95476, Sonoma, Sonoma, CA, 199383.33, 203083.33, 221458.33, 253208.33, 318137.50, 347839.58, 375543.75, 425866.67, 506907.58, 597995.83, 624145.83, 593454.55, 524919.79, 435291.67, 438672.92, 398397.92, 390939.58, 451022.10, 520272.92, 566155.00
94028, Portola Valley, San Mateo, CA, 540000.00, NA, 1295000.00, 1233076.92, 1075000.00, NA, NA, 1405000.00, 1800000.00, 1657564.10, NA, 2027500.00, 2495000.00, NA, 1885000.00, 1680500.00, NA, NA, 2492307.69, NA
94108, San Francisco, San Francisco, CA, NA, NA, 340000.00, 274500.00, 439000.00, NA, NA, NA, 491750.00, NA, NA, NA, NA, NA, NA, NA, NA, NA, NA, NA
94080, South San Francisco, San Mateo, CA, 222841.67, 246285.42, 279770.83, 309062.50, 404747.92, 423022.92, 449391.67, 495629.17, 581479.17, 679291.67, 698970.83, 655329.17, 551970.83, 467841.25, 494929.17, 454070.83, 440912.50, 563808.33, 640408.33, 684375.00
94104, San Francisco, San Francisco, CA, NA, NA, NA, NA, NA, NA, NA, NA, NA, NA, NA, 1544000.00, NA, NA, NA, NA, NA, NA, NA, NA
94085, Sunnyvale, Santa Clara, CA, 190797.66, 217850.49, 252405.98, 277051.47, 393730.32, 409000.00, 399453.21, 401678.78, 451065.38, 579833.33, 557351.81, 588759.80, 535000.00, 381906.86, 442741.31, 442869.55, 426862.75, 571607.76, 680217.16, 827264.71
94086, Sunnyvale, Santa Clara, CA, 247494.44, 265264.58, 309231.25, 341708.33, 446945.00, 441731.90, 455708.33, 471687.93, 514862.50, 625950.00, 637927.08, 692635.42, 651363.90, 594797.33, 587392.78, 572375.00, 610458.33, 776945.59, 862722.17, 1055180.00
94087, Sunnyvale, Santa Clara, CA, 328509.00, 382143.75, 415010.42, 450279.17, 587804.17, 621208.33, 620081.25, 639762.50, 681239.58, 786545.45, 739025.00, 911860.42, 926912.50, 834556.37, 902383.33, 847208.33, 883602.56, 1045870.83, 1327161.76, 1538487.25
94534, Fairfield, Solano, CA, 185166.67, 189368.75, 211429.17, 213243.75, 257641.67, 310275.00, 339887.50, 401975.00, 481220.83, 557437.50, 612937.50, 560458.33, 463933.53, 311489.71, 320660.42, 298143.75, 275125.00, 340662.50, 398566.67, 411200.00
95240, Lodi, San Joaquin, CA, 114517.11, 114137.50, 114141.67, 118175.00, 125804.17, 141208.33, 176075.00, 217702.08, 252160.42, 326212.50, 329733.33, 307553.48, 235451.96, 161774.72, 152809.72, 136793.95, 154249.94, 180774.66, 217804.55, 205798.46
94536, Fremont, Alameda, CA, 215716.33, 202822.92, 217475.00, 264375.00, 336250.00, 381100.42, 402520.83, 419020.83, 459770.83, 580854.17, 603750.00, 599458.33, 544245.83, 455170.83, 453875.00, 445251.08, 432020.83, 576458.33, 639041.67, 680650.00
95242, Lodi, San Joaquin, CA, 145169.44, 146112.50, 150820.83, 162747.92, 176343.75, 215227.08, 243154.17, 258227.08, 304607.00, 392631.25, 444966.67, 400275.00, 285642.53, 269510.47, 230700.70, 198741.91, 235412.65, 267877.06, 297380.88, 275855.00
94530, El Cerrito, Contra Costa, CA, 210809.02, 211562.50, 229675.00, 267404.17, 338258.33, 379154.17, 433858.33, 454566.67, 540625.00, 618000.00, 618416.67, 624020.98, 567984.56, 542010.78, 529269.41, 449757.49, 516181.90, 563255.88, 666109.60, 734269.61
94531, Antioch, Contra Costa, CA, 167780.56, 167272.92, 178564.58, 207222.92, 259404.17, 315166.67, 322420.83, 369502.08, 444427.08, 547866.67, 573066.67, 507773.34, 345236.86, 262462.50, 240100.00, 223431.25, 227262.50, 295195.83, 336395.83, 349650.00
95008, Campbell, Santa Clara, CA, 223366.67, 261625.00, 283325.00, 329862.50, 422916.67, 452712.08, 461937.50, 486666.67, 556812.50, 642995.83, 675441.67, 700962.50, 652975.17, 588803.92, 585645.83, 598783.33, 588893.75, 709835.42, 803762.50, 919740.00
94062, Redwood City, San Mateo, CA, 462472.22, 505208.33, 537052.08, 617906.25, 724208.33, 800395.83, 780562.50, 832095.83, 925695.83, 1126187.50, 1110837.50, 1130276.51, 1202454.55, 997710.29, 1015188.91, 1139312.50, 1163305.00, 1425574.51, 1464404.73, 1613250.38
95005, Ben Lomond, Santa Cruz, CA, 180000.00, 215000.00, 268000.00, 282976.24, 341876.70, NA, 414058.82, 432692.31, 479915.44, 594000.00, 605000.00, NA, NA, NA, NA, NA, NA, NA, NA, NA
94538, Fremont, Alameda, CA, 190725.00, 202864.58, 219533.33, 252983.33, 321462.50, 365954.17, 382812.50, 401275.00, 437620.83, 524229.17, 592095.83, 580466.67, 499395.83, 415763.24, 421291.67, 387604.17, 393181.25, 503212.50, 590516.67, 597940.00
94539, Fremont, Alameda, CA, 319113.89, 378168.75, 403504.17, 406395.83, 555379.17, 589058.33, 589000.00, 606183.33, 667033.33, 791712.50, 855056.75, 896008.33, 842416.67, 818628.55, 794587.50, 801000.00, 851941.67, 946391.67, 1055900.00, 1104940.00
94089, Sunnyvale, Santa Clara, CA, NA, NA, NA, NA, NA, 409000.00, NA, 450000.00, NA, NA, 675441.18, 715959.51, 703245.66, 405000.00, 455000.00, 444431.37, NA, 681500.00, 771470.59, 850000.00
95110, San Jose, Santa Clara, CA, NA, 155269.23, 175898.61, 198690.87, 268484.84, 336153.85, 270564.10, 312457.37, 408444.43, 471292.87, 484295.02, 489705.88, 562500.00, 365305.43, 326663.27, 298203.19, 304230.77, 418849.32, 457316.78, 494510.00
95018, Felton, Santa Cruz, CA, 176500.00, 189353.36, 189227.31, 226346.32, 299602.71, 312546.61, 403800.00, 404416.02, 414136.93, 540541.91, 600000.00, NA, NA, NA, NA, NA, NA, NA, NA, NA
95130, San Jose, Santa Clara, CA, 249157.06, 296125.23, 346411.02, 364181.36, 499714.71, 500000.00, 505449.01, 516206.17, 602040.35, 721547.35, 766004.31, 760038.69, 760000.00, 670615.38, 649500.00, 655000.00, 635000.00, 887466.37, 954705.88, NA
94928, Rohnert Park, Sonoma, CA, 166827.78, 175400.00, 180266.67, 194637.50, 234066.67, 270333.33, 297520.83, 329970.83, 391547.92, 478002.08, 464450.00, 430408.75, 330887.75, 267467.32, 267305.90, 254255.69, 259777.08, 304785.42, 365916.67, 337250.00
94403, San Mateo, San Mateo, CA, 278722.22, 303454.17, 350770.83, 400465.08, 485833.33, 535583.33, 524645.83, 569791.67, 654666.67, 747187.50, 766500.00, 781520.83, 752162.59, 682223.53, 685014.58, 652766.67, 687493.75, 816056.46, 844029.17, 1015388.69
95119, San Jose, Santa Clara, CA, 193265.61, 214465.46, 239423.08, 297862.75, 406372.55, NA, 436458.82, 480031.86, 506644.34, 641333.33, NA, NA, NA, NA, NA, NA, NA, 605500.00, 721000.00, 710882.35
94925, Corte Madera, Marin, CA, 305533.33, 347047.44, 403867.42, 451651.50, 553363.45, 539032.29, 667136.55, 705517.44, 756499.63, 896844.41, 1018730.77, 916340.78, 917716.91, 784313.73, 862696.08, 807589.74, 875098.04, 953461.54, 1089000.00, 925000.00
94061, Redwood City, San Mateo, CA, 286450.00, 317289.75, 359000.00, 406354.17, 520354.17, 563720.83, 556966.67, 579500.00, 673145.83, 777237.50, 804844.94, 826879.17, 776141.67, 733097.06, 735769.54, 654754.17, 731302.12, 851817.09, 917673.92, 989638.46
95033, Lexington Hills, Santa Clara, CA, NA, 282250.00, 334500.00, 370500.00, 475000.00, 490000.00, NA, 540000.00, 660615.38, 573000.00, NA, NA, NA, NA, NA, NA, NA, NA, NA, NA
94132, San Francisco, San Francisco, CA, 288444.44, 281032.60, 311829.02, 355229.17, 434916.67, 526822.12, 510629.58, 518379.92, 542120.83, 688270.83, 697438.15, 746211.05, 759230.77, 562435.29, 676366.13, 558794.96, 550384.62, 670000.00, 630000.00, 620000.00
95138, San Jose, Santa Clara, CA, 354496.43, 368639.33, 453792.50, 404141.08, 480529.92, 537346.41, 501187.50, 544477.27, 738166.67, 906729.17, 792618.18, 901388.89, 932334.84, 761696.27, 671346.98, 640403.53, 751136.76, 814543.21, 1069083.79, 723252.55
94920, Tiburon, Marin, CA, 633040.20, 753109.84, 700818.18, 864141.51, 1180802.92, 1200425.00, 1189397.06, 1251588.30, 1396025.00, 1651925.75, 1732352.94, 1633055.88, 1634131.50, 1950000.00, 1841212.02, 1565408.99, 1423752.14, 1693925.34, 1884266.34, 1597500.00
94707, Berkeley, Alameda, CA, 315040.85, 346413.40, 400478.98, 448734.41, 566958.43, 653875.00, 618740.62, 681259.80, 764648.16, 879094.34, 827836.18, 992245.70, 951352.94, 863000.00, 798082.35, 744233.03, 805000.00, NA, 1085000.00, NA
95620, Dixon, Solano, CA, 145463.89, 155417.50, 151968.75, 154710.42, 188545.83, 227003.10, 261645.83, 310583.33, 369862.50, 467366.83, 478532.78, 453511.76, 342784.31, 262982.51, 248416.29, 236305.15, 205000.00, 318907.50, 323501.51, 340525.96
94134, San Francisco, San Francisco, CA, 184927.78, 201587.50, 218841.67, 261241.67, 330787.50, 383075.00, 424229.17, 458695.83, 527554.17, 638033.33, 670857.81, 657375.00, 570133.48, 520527.15, 468921.83, 448986.88, 445515.76, 617625.94, 625302.26, 610000.00
95073, Soquel, Santa Cruz, CA, NA, 249046.95, 296617.21, 333552.26, 480948.72, 450000.00, 494707.39, 542000.00, 500000.00, 763000.00, NA, NA, NA, NA, NA, NA, NA, NA, NA, NA
95066, Scotts Valley, Santa Cruz, CA, 264080.18, 299239.58, 321618.86, 354447.08, 425588.56, 497484.41, 528566.67, 525946.73, 636138.48, 723737.50, 755139.64, 748462.63, 696846.15, 660000.00, NA, 537500.00, 575829.19, 599411.76, 703692.31, 745176.47
94709, Berkeley, Alameda, CA, NA, NA, 176500.00, NA, NA, NA, NA, NA, NA, NA, NA, NA, NA, NA, NA, NA, NA, NA, NA, NA
95687, Vacaville, Solano, CA, 139780.56, 137816.67, 144320.83, 156500.00, 180620.83, 219337.50, 254083.33, 294787.50, 348210.08, 425350.00, 435058.33, 402900.00, 312437.50, 252937.40, 224847.92, 209425.00, 203250.00, 262291.67, 306625.00, 314695.00
95448, Healdsburg, Sonoma, CA, 190637.98, 196434.56, 207272.92, 238904.17, 314729.17, 359645.83, 369812.50, 420120.83, 461525.00, 580033.89, 620393.10, 606799.61, 381941.18, 422104.01, 477709.54, 474000.00, 510828.05, 481206.85, 507039.50, 468352.94
95688, Vacaville, Solano, CA, 165683.33, 167768.50, 170479.17, 181958.33, 207979.17, 258250.00, 284291.67, 348733.33, 407387.50, 483486.75, 487125.00, 472497.74, 368323.13, 323774.89, 277559.97, 276691.67, 280865.08, 320987.50, 371637.50, 389310.00
94708, Berkeley, Alameda, CA, 293929.41, 324835.29, 373806.97, 428217.28, 529230.77, 597346.15, 657666.67, 635784.77, 746042.15, 871058.82, 900769.23, 873923.08, NA, 831411.76, 854600.30, 696632.35, 773000.00, 950000.00, 985000.00, 1205000.00
95442, Glen Ellen, Sonoma, CA, NA, 300000.00, NA, NA, NA, NA, NA, NA, NA, NA, NA, NA, NA, NA, NA, NA, NA, NA, NA, NA
95118, San Jose, Santa Clara, CA, 221800.00, 248809.42, 278329.17, 315708.33, 399875.00, 429895.83, 450958.92, 470902.83, 524395.83, 612443.75, 667095.83, 643293.75, 578834.74, 516727.94, 549030.34, 524779.17, 556765.51, 651718.75, 721170.83, 745160.00
94541, Hayward, Alameda, CA, 151188.89, 156045.83, 168772.92, 187435.42, 243137.50, 293154.17, 322520.83, 350875.00, 415166.67, 506958.33, 554929.17, 475937.50, 322781.76, 264794.34, 261558.33, 261695.83, 254837.50, 340104.17, 405375.00, 410860.00
95010, Capitola, Santa Cruz, CA, 166372.55, 235556.83, 215550.49, 222399.59, 312362.48, 376740.33, 383717.31, 385107.57, 487719.93, 586221.92, 570615.38, 439500.00, 600000.00, 453692.31, 7950000.00, NA, NA, 734000.00, 406000.00, NA
94542, Hayward, Alameda, CA, 244364.85, 242237.31, 237492.39, 285825.00, 314365.11, 324961.99, 377288.24, 481727.21, 448970.00, 590488.24, 489039.78, 473818.00, NA, 280000.00, 470731.33, 407509.80, 432500.00, 494154.24, 640000.00, 610000.00
94545, Hayward, Alameda, CA, 164252.35, 165841.67, 176012.50, 205416.67, 253821.17, 300466.67, 332000.00, 383458.33, 459395.83, 560937.50, 598300.00, 547462.42, 426845.00, 273372.63, 334257.20, 284133.33, 288786.76, 372259.09, 427159.09, 414484.92
94544, Hayward, Alameda, CA, 158269.44, 155337.50, 167625.00, 197920.83, 247350.00, 288520.83, 315395.83, 357500.00, 410179.17, 493550.00, 480931.75, 506538.89, 355647.34, 279695.00, 282204.17, 254875.00, 253283.33, 353720.83, 399275.00, 420215.00
94547, Hercules, Contra Costa, CA, 155526.31, 155360.42, 164647.92, 187554.17, 205354.55, 256750.00, 300445.83, 350104.17, 483370.83, 524506.25, 594110.42, 538251.15, 421456.73, 335159.66, 320145.83, 292743.19, 259164.66, 360979.17, 403361.20, 387098.04
94546, Castro Valley, Alameda, CA, 186827.78, 204787.50, 218445.83, 243833.33, 292645.83, 339687.50, 379833.33, 406659.08, 487516.67, 567837.50, 605166.67, 565895.83, 484416.67, 429037.39, 409925.00, 368527.08, 410777.08, 493079.17, 544354.17, 521960.00
94549, Lafayette, Contra Costa, CA, 384233.33, 391159.83, 456487.50, 488687.50, 591708.33, 609450.00, 658622.92, 727277.08, 815420.83, 1015500.00, 1024833.33, 1041875.00, 1057491.18, 846362.75, 888316.37, 927999.45, 923508.82, 1105769.28, 1119995.88, 1265281.67
94706, Albany, Alameda, CA, 191550.00, 183773.67, 209820.98, 229353.96, 316075.88, 350402.07, 382479.23, 418916.67, 452184.46, 566669.34, 565374.39, 524635.29, 537500.00, 564702.11, 559021.72, 364411.76, 573673.53, 610923.83, 634883.82, 715000.00
94705, Berkeley, Alameda, CA, 350000.00, 185299.02, 420364.22, 516250.00, 696763.20, NA, 771000.00, 842654.60, 863000.00, NA, NA, 1279000.00, NA, 488000.00, 941764.71, 1061990.20, 575000.00, NA, 1258235.29, 1500000.00
95014, Cupertino, Santa Clara, CA, 370566.67, 424616.67, 485829.17, 517670.83, 703916.67, 732500.00, 697750.00, 656270.83, 738302.08, 875418.75, 892570.83, 936354.17, 970386.36, 924783.81, 959791.67, 952416.67, 1001991.67, 1186079.17, 1414925.00, 1583522.29
94702, Berkeley, Alameda, CA, NA, 193135.59, 202294.12, 237171.32, 332863.44, 371385.29, 377544.43, 469847.29, 516471.34, 566832.58, 610750.00, NA, 533000.00, 505051.28, 491500.00, 498964.85, 470000.00, 611500.00, 644017.08, NA
94939, Larkspur, Marin, CA, 400000.00, 320000.00, 489463.03, 578125.00, 680769.23, 689230.77, 890000.00, 960000.00, 904556.88, 1051470.59, 1385000.00, NA, NA, NA, NA, NA, NA, NA, NA, NA
94070, San Carlos, San Mateo, CA, 343183.33, 394500.00, 440479.17, 499070.83, 636008.33, 630512.50, 644075.00, 667895.83, 762979.17, 885054.17, 860654.17, 956750.00, 906562.50, 818483.96, 805104.17, 812375.00, 862250.00, 1018164.75, 1207010.89, 1387191.93
94597, Walnut Creek, Contra Costa, CA, 203464.05, 218612.50, 227191.67, 252337.50, 327662.50, 376583.33, 390466.67, 413033.33, 494579.17, 598376.08, 573650.00, 581105.59, 552585.12, 457285.29, 427379.51, 413087.17, 420107.47, 509008.33, 553822.62, 481808.82
94930, Fairfax, Marin, CA, 246153.85, 281634.56, 316305.71, 358161.76, 384620.21, 470666.67, 534762.07, 537525.26, 623100.25, 740127.94, 787307.69, NA, NA, NA, NA, 548000.00, NA, NA, NA, 525000.00
94703, Berkeley, Alameda, CA, 213153.85, 200293.24, 198428.88, 252718.70, 300000.00, 346897.44, NA, 432000.00, 507352.94, 630647.96, NA, 710000.00, NA, 463000.00, 621000.00, 495000.00, NA, NA, NA, NA
95391, Tracy, San Joaquin, CA, NA, NA, NA, NA, NA, NA, NA, 417799.26, 518675.00, 603921.73, 715276.80, 660033.94, NA, 309455.38, 320956.25, 319547.92, 301301.47, 389104.17, 428960.91, 442674.51
95497, Annapolis, Sonoma, CA, NA, 242058.82, 295338.24, 309409.87, 324679.41, 228750.00, 419500.00, NA, 613461.54, 760000.00, NA, NA, NA, NA, NA, NA, NA, 565000.00, 598500.00, 725000.00
95006, Boulder Creek, Santa Cruz, CA, 155753.85, 177598.33, 195800.59, 228184.83, 251412.82, 313820.06, 339468.77, 363429.50, 423246.09, 454687.19, 472265.16, 470000.00, NA, 275000.00, 303000.00, NA, NA, 331192.31, 348846.15, NA
94127, San Francisco, San Francisco, CA, 327671.90, 364333.33, 430525.00, 492295.83, 665125.00, 658645.83, 690723.47, 718208.33, 831834.59, 936757.71, 978728.26, 1037745.83, 1027690.93, 894201.47, 928776.44, 841717.06, 1006087.75, 1057995.36, 1183893.48, 1348235.29
94552, Castro Valley, Alameda, CA, 296588.24, 304770.46, 326293.75, 375457.92, 470456.25, 508697.23, 504916.67, 553160.07, 653045.61, 738510.58, 762745.37, 777585.22, 648500.00, 606411.76, 609136.55, 560025.74, 579539.95, 695513.57, 739281.67, 810000.00
94553, Martinez, Contra Costa, CA, 170711.11, 172200.00, 179709.83, 197129.92, 249029.17, 296920.83, 324579.17, 359437.50, 422104.17, 506250.00, 547375.39, 505160.61, 434750.00, 366895.83, 317187.50, 296229.17, 288504.17, 356277.08, 411500.00, 447550.00
94550, Livermore, Alameda, CA, 220861.11, 215363.64, 255889.58, 279908.33, 364811.36, 465863.64, 555752.08, 551427.08, 570654.17, 671895.83, 670200.00, 669862.50, 651462.05, 469689.58, 477108.33, 483841.67, 473116.67, 582235.42, 625087.50, 669740.00
94551, Livermore, Alameda, CA, 183444.44, 191589.58, 213100.33, 261352.08, 302854.17, 348479.17, 370187.50, 391183.33, 460225.00, 555737.50, 575666.67, 544162.83, 457541.67, 389529.17, 383995.83, 347108.33, 363079.17, 452770.83, 527808.33, 550970.00
94556, Moraga, Contra Costa, CA, 365413.89, 382488.07, 400854.17, 403718.53, 543511.81, 563952.88, 604256.82, 670232.72, 662283.96, 773724.19, 926078.43, 927348.09, 822632.51, 846556.06, 713308.82, 784041.62, 778158.82, 926311.76, 965774.84, 1136995.10
95320, Escalon, San Joaquin, CA, 120000.00, 128018.18, 132063.98, 142557.32, 160997.72, 186323.43, 222259.36, 273995.19, 312387.99, 377872.18, 390000.00, 367500.00, NA, NA, NA, NA, NA, NA, NA, NA
94555, Fremont, Alameda, CA, 217405.56, 238729.17, 263270.83, 294241.67, 383800.00, 416062.50, 435729.17, 457141.67, 531295.83, 650333.33, 656131.25, 646181.25, 609590.91, 538796.03, 542141.67, 504539.71, 518831.02, 629525.00, 702520.83, 828560.00
95376, Tracy, San Joaquin, CA, 159411.11, 166412.50, 169141.67, 186781.25, 229327.08, 278575.00, 279104.17, 303415.17, 369704.17, 459458.33, 469058.33, 423120.83, 245455.88, 183833.33, 182222.92, 178714.58, 199756.25, 256029.17, 312629.17, 326150.00
95128, San Jose, Santa Clara, CA, 215890.78, 245996.73, 280752.74, 338062.50, 417799.47, 429545.29, 457636.93, 480257.35, 550810.86, 585450.00, 641537.50, 638945.45, 559485.29, 456399.32, 441102.45, 424608.33, 472100.00, 580970.83, 622172.31, 666740.00
94558, Napa, Napa, CA, 180791.67, 193682.33, 199362.50, 234920.83, 277272.92, 311772.92, 352791.67, 431687.50, 501716.67, 581179.17, 574833.33, 577229.17, 473625.00, 407500.00, 360270.83, 344229.17, 361614.58, 429279.17, 480408.33, 476770.00
94559, Napa, Napa, CA, 148910.46, 154268.53, 159605.92, 177787.42, 226000.00, 273229.17, 323000.00, 371958.33, 440875.00, 523408.33, 511562.50, 539281.82, 531816.58, 338386.07, 328482.47, 302896.88, 304643.95, 390088.74, 455406.63, 664500.00
94066, San Bruno, San Mateo, CA, 221591.67, 226110.17, 247240.49, 262672.34, 312000.00, 380313.64, 419095.83, 478320.83, 536125.00, 641450.00, 646800.00, 663627.27, 599295.45, 516908.33, 501633.33, 475208.33, 419958.33, 490483.33, 621545.45, 412550.00
95492, Windsor, Sonoma, CA, 189472.22, 195572.92, 198881.25, 224910.42, 287260.42, 333854.50, 348585.42, 388472.92, 472183.33, 566333.67, 570871.25, 508144.69, 416187.50, 367750.00, 358625.00, 333054.56, 353144.89, 393541.67, 459958.33, 498801.92
95117, San Jose, Santa Clara, CA, 255424.18, 255224.36, 306507.07, 327635.42, 449802.87, 463616.99, 460770.83, 474270.83, 540000.00, 652845.83, 650963.64, 700081.57, 628000.00, 486705.23, 474520.74, 530527.90, 518409.73, 678635.29, 719921.57, 725294.12
95116, San Jose, Santa Clara, CA, 152557.35, 163589.58, 184679.17, 208525.00, 262770.83, 305604.17, 317000.00, 350666.67, 414875.00, 468416.67, 507975.00, 576994.03, 352025.64, 257457.72, 266229.17, 267708.33, 281776.48, 322625.34, 387979.12, 448857.94
95111, San Jose, Santa Clara, CA, 170204.00, 173537.50, 205737.50, 220166.67, 277287.50, 335308.12, 336278.96, 372483.33, 407229.17, 487566.67, 573058.33, 563677.78, 381299.29, 318354.17, 312745.83, 303770.83, 302966.08, 398275.00, 441687.50, 505350.00
94063, Redwood City, San Mateo, CA, 205181.90, 221353.92, 243557.35, 302229.33, 360548.13, 421899.52, 444523.53, 481781.11, 550958.58, 615441.18, 664218.94, 693935.84, 389117.65, 477058.82, 390846.15, 407220.59, 470000.00, NA, 785000.00, NA
95112, San Jose, Santa Clara, CA, 168135.62, 189275.00, 210389.22, 245497.92, 323104.17, 366758.33, 377516.67, 392320.79, 440683.33, 507962.50, 531462.50, 569562.50, 462547.64, 383250.00, 374704.17, 318802.08, 372037.35, 449308.33, 503020.59, 554957.01
95065, Santa Cruz, Santa Cruz, CA, 248665.16, 231757.35, 286474.01, 313166.67, 370269.23, NA, 468227.75, 501862.75, 619000.00, 716411.76, 697500.00, NA, NA, NA, NA, NA, NA, NA, NA, NA
94103, San Francisco, San Francisco, CA, 224423.08, 312000.00, 308000.00, 371972.20, 488835.38, 408000.00, 425508.48, 427586.50, 547889.58, 641862.50, 639625.46, 664523.64, 646500.00, 617718.04, 598703.05, 534019.23, 612897.06, 743239.41, 831214.34, 861078.43
94102, San Francisco, San Francisco, CA, NA, 247500.00, 243264.71, 266176.47, 320000.00, NA, 370000.00, NA, 426750.00, 800470.59, NA, 494454.71, 529590.27, 419000.00, 534000.00, 512000.00, NA, 498264.71, 555750.00, NA
94105, San Francisco, San Francisco, CA, 246352.94, 254411.76, 286706.95, 400000.00, NA, NA, 382345.00, 461865.10, 553344.61, 630180.66, 777683.71, 709234.29, 711519.73, 651397.06, 663975.48, 629780.25, 760439.41, 867946.76, 989762.50, 1237335.41
95060, Santa Cruz, Santa Cruz, CA, 230277.78, 243858.33, 269131.25, 324097.92, 407145.83, 465333.33, 477637.50, 525828.00, 631597.92, 670739.58, 737145.83, 731333.33, 688510.00, 580595.59, 576386.60, 548161.25, 573436.03, 645217.32, 705526.90, 713968.78
94107, San Francisco, San Francisco, CA, 257755.44, 283918.75, 344423.21, 343954.17, 574358.33, 517665.27, 487484.99, 512958.33, 632095.83, 768154.17, 712791.67, 767770.83, 629038.20, 649347.73, 654537.50, 658064.58, 667945.83, 767012.50, 879258.33, 1013250.00
95062, Santa Cruz, Santa Cruz, CA, 214305.56, 229250.00, 252415.83, 298856.25, 382931.25, 453220.83, 479110.42, 503672.17, 588579.17, 707962.50, 717975.00, 696662.50, 615596.15, 573116.01, 546209.75, 512352.84, 514035.18, 595310.00, 649281.27, 675880.88
94505, Discovery Bay, Contra Costa, CA, 217437.58, 200916.67, 229291.67, 242412.50, 314483.33, 364608.33, 363106.25, 413209.29, 493505.12, 627875.00, 694731.25, 639983.33, 455085.07, 325568.91, 312725.00, 295558.33, 345745.92, 399384.01, 440820.08, 456080.00
94949, Novato, Marin, CA, 316290.00, 312665.01, 304007.23, 355795.83, 476891.67, 485487.50, 528333.33, 625968.75, 646084.95, 747370.54, 700772.22, 767071.43, 665077.21, 617460.37, 619582.30, 493920.92, 526292.83, 631249.59, 730103.86, 649979.41
94030, Millbrae, San Mateo, CA, 358397.50, 376148.78, 399854.17, 476577.91, 599586.38, 638451.94, 643623.77, 703166.67, 777020.83, 875908.33, 968168.56, 855463.91, 920951.52, 711218.33, 789132.40, 866619.16, 852079.60, 991079.81, 1177124.60, 1189411.76
94945, Novato, Marin, CA, 259901.29, 274252.08, 287747.92, 348439.58, 414699.28, 457995.00, 487191.67, 544592.78, 647437.50, 740931.82, 742145.83, 728195.59, 660687.65, 516485.15, 610000.00, 474503.78, 537840.50, 655859.66, 649281.74, 617923.08
95366, Ripon, San Joaquin, CA, 132637.07, 152141.15, 161077.74, 166727.13, 205300.00, 255437.50, 277364.00, 330416.67, 398812.50, 451700.00, 488862.50, 447464.29, 309215.69, 274194.00, 256927.25, 276179.61, 274656.11, 274638.39, 325253.99, 330785.21
94947, Novato, Marin, CA, 238313.89, 238472.92, 261252.50, 286983.33, 349845.83, 407229.17, 427958.33, 462020.83, 539770.83, 626708.33, 644458.33, 638891.18, 473818.19, 421955.73, 424283.33, 377077.07, 401606.73, 472841.67, 571615.03, 751400.00
94941, Mill Valley, Marin, CA, 390766.67, 427458.33, 452158.33, 535195.83, 677708.33, 726520.83, 736312.50, 787354.17, 877158.33, 976087.50, 1045959.09, 1130958.33, 1180160.07, 941580.00, 951666.67, 973331.74, 919025.00, 1000345.83, 1087689.61, 1349600.00
94507, Alamo, Contra Costa, CA, 520166.67, 580291.67, 648708.33, 662687.50, 879687.50, 922229.12, 1001758.33, 1107241.67, 1195145.83, 1392083.33, 1438105.20, 1468365.55, 1302387.44, 1163484.62, 1183466.63, 1061518.38, 1163497.45, 1241359.50, 1424805.93, 1365289.22
94005, Brisbane, San Mateo, CA, NA, NA, 229823.53, 342284.56, 392102.51, NA, 472803.92, 480500.00, 628099.26, 652410.26, NA, NA, NA, NA, NA, NA, NA, NA, NA, NA
